pid,city,state,place_geoid,cbsa,cbsa_title,bea_name,counties,rpp_2008,rpp_2009,rpp_2010,rpp_2011,rpp_2012,rpp_2013,rpp_2014,rpp_2015,rpp_2016,rpp_2017,rpp_2018,rpp_2019,rpp_2020,rpp_2021,rpp_2022,rpp_2023,rpp_2024,rpp_housing_2022
194463,Anchorage Municipality,AK,0203000,11260,"Anchorage, AK","Anchorage, AK (Metropolitan Statistical Area)",1,106.466,111.767,106.198,106.713,107.169,106.441,104.856,105.662,108.072,107.808,106.447,104.802,103.187,106.79,103.162,106.771,105.42,112.791
225038,Birmingham,AL,0107000,13820,"Birmingham, AL","Birmingham, AL (Metropolitan Statistical Area)",2,92.687,91.451,93.268,94.277,93.674,93.885,93.244,93.148,94.053,92.832,90.052,90.901,91.379,90.424,91.027,91.765,91.644,68.9
207520,Huntsville,AL,0137000,26620,"Huntsville, AL","Huntsville, AL (Metropolitan Statistical Area)",3,92.103,91.151,92.59,93.824,94.004,93.623,92.695,92.683,93.562,94.004,89.808,91.222,90.677,91.453,92.842,93.809,93.072,76.784
160683,Mobile,AL,0150000,33660,"Mobile, AL","Mobile, AL (Metropolitan Statistical Area)",1,90.484,89.796,90.265,91.977,92.989,92.298,93.691,91.505,92.25,92.204,87.776,88.398,87.504,87.948,87.797,88.738,88.098,57.422
100091,Montgomery,AL,0151000,33860,"Montgomery, AL","Montgomery, AL (Metropolitan Statistical Area)",1,91.349,90.778,92.416,91.139,93.299,91.432,90.708,90.657,93.122,92.798,88.412,88.762,87.523,88.484,89.845,89.937,89.682,65.348
160723,Tuscaloosa,AL,0177256,46220,"Tuscaloosa, AL","Tuscaloosa, AL (Metropolitan Statistical Area)",1,89.735,89.182,90.399,89.515,90.615,90.16,90.588,89.49,90.889,92.389,85.789,88.542,87.092,88.002,87.218,89.107,87.722,53.613
100435,Little Rock,AR,0541000,30780,"Little Rock-North Little Rock-Conway, AR","Little Rock-North Little Rock-Conway, AR (Metropolitan Statistical Area)",1,92.848,91.412,93.647,93.729,93.735,93.955,93.71,93.55,94.317,93.384,90.327,90.467,90.603,91.557,89.344,89.51,89.364,65.075
160830,Buckeye,AZ,0407940,38060,"Phoenix-Mesa-Chandler, AZ","Phoenix-Mesa-Chandler, AZ (Metropolitan Statistical Area)",1,105.701,105.447,102.67,100.31,98.702,99.492,99.136,98.721,100.421,98.91,99.636,100.036,102.783,99.126,103.884,104.676,103.316,122.829
100249,Chandler,AZ,0412000,38060,"Phoenix-Mesa-Chandler, AZ","Phoenix-Mesa-Chandler, AZ (Metropolitan Statistical Area)",1,105.701,105.447,102.67,100.31,98.702,99.492,99.136,98.721,100.421,98.91,99.636,100.036,102.783,99.126,103.884,104.676,103.316,122.829
160831,Gilbert,AZ,0427400,38060,"Phoenix-Mesa-Chandler, AZ","Phoenix-Mesa-Chandler, AZ (Metropolitan Statistical Area)",1,105.701,105.447,102.67,100.31,98.702,99.492,99.136,98.721,100.421,98.91,99.636,100.036,102.783,99.126,103.884,104.676,103.316,122.829
207535,Glendale,AZ,0427820,38060,"Phoenix-Mesa-Chandler, AZ","Phoenix-Mesa-Chandler, AZ (Metropolitan Statistical Area)",1,105.701,105.447,102.67,100.31,98.702,99.492,99.136,98.721,100.421,98.91,99.636,100.036,102.783,99.126,103.884,104.676,103.316,122.829
122748,Goodyear,AZ,0428380,38060,"Phoenix-Mesa-Chandler, AZ","Phoenix-Mesa-Chandler, AZ (Metropolitan Statistical Area)",1,105.701,105.447,102.67,100.31,98.702,99.492,99.136,98.721,100.421,98.91,99.636,100.036,102.783,99.126,103.884,104.676,103.316,122.829
100250,Mesa,AZ,0446000,38060,"Phoenix-Mesa-Chandler, AZ","Phoenix-Mesa-Chandler, AZ (Metropolitan Statistical Area)",1,105.701,105.447,102.67,100.31,98.702,99.492,99.136,98.721,100.421,98.91,99.636,100.036,102.783,99.126,103.884,104.676,103.316,122.829
160832,Peoria,AZ,0454050,38060,"Phoenix-Mesa-Chandler, AZ","Phoenix-Mesa-Chandler, AZ (Metropolitan Statistical Area)",2,105.701,105.447,102.67,100.31,98.702,99.492,99.136,98.721,100.421,98.91,99.636,100.036,102.783,99.126,103.884,104.676,103.316,122.829
207536,Phoenix,AZ,0455000,38060,"Phoenix-Mesa-Chandler, AZ","Phoenix-Mesa-Chandler, AZ (Metropolitan Statistical Area)",1,105.701,105.447,102.67,100.31,98.702,99.492,99.136,98.721,100.421,98.91,99.636,100.036,102.783,99.126,103.884,104.676,103.316,122.829
189585,Scottsdale,AZ,0465000,38060,"Phoenix-Mesa-Chandler, AZ","Phoenix-Mesa-Chandler, AZ (Metropolitan Statistical Area)",1,105.701,105.447,102.67,100.31,98.702,99.492,99.136,98.721,100.421,98.91,99.636,100.036,102.783,99.126,103.884,104.676,103.316,122.829
100251,Surprise,AZ,0471510,38060,"Phoenix-Mesa-Chandler, AZ","Phoenix-Mesa-Chandler, AZ (Metropolitan Statistical Area)",1,105.701,105.447,102.67,100.31,98.702,99.492,99.136,98.721,100.421,98.91,99.636,100.036,102.783,99.126,103.884,104.676,103.316,122.829
160833,Tempe,AZ,0473000,38060,"Phoenix-Mesa-Chandler, AZ","Phoenix-Mesa-Chandler, AZ (Metropolitan Statistical Area)",1,105.701,105.447,102.67,100.31,98.702,99.492,99.136,98.721,100.421,98.91,99.636,100.036,102.783,99.126,103.884,104.676,103.316,122.829
160840,Tucson,AZ,0477000,46060,"Tucson, AZ","Tucson, AZ (Metropolitan Statistical Area)",1,97.086,100.386,98.879,100.058,100.579,98.932,98.485,97.368,96.572,97.635,94.811,95.317,94.026,92.758,93.76,94.932,96.896,90.982
183836,Anaheim,CA,0602000,31080,"Los Angeles-Long Beach-Anaheim, CA","Los Angeles-Long Beach-Anaheim, CA (Metropolitan Statistical Area)",1,113.327,112.24,112.496,111.455,112.058,112.435,112.218,113.341,111.259,110.204,110.976,110.939,113.884,114.151,113.308,114.749,113.566,176.89
123096,Antioch,CA,0602252,41860,"San Francisco-Oakland-Fremont, CA","San Francisco-Oakland-Fremont, CA (Metropolitan Statistical Area)",1,119.08,115.209,113.931,112.378,112.523,112.932,114.038,115.785,116.39,121.6,122.338,119.722,119.582,120.038,118.003,117.551,115.613,206.313
183825,Bakersfield,CA,0603526,12540,"Bakersfield-Delano, CA","Bakersfield-Delano, CA (Metropolitan Statistical Area)",1,96.885,100.271,98.231,100.409,101.061,99.685,99.638,97.679,96.543,98.535,101.729,101.123,100.325,100.889,104.46,102.389,100.886,93.137
123092,Berkeley,CA,0606000,41860,"San Francisco-Oakland-Fremont, CA","San Francisco-Oakland-Fremont, CA (Metropolitan Statistical Area)",1,119.08,115.209,113.931,112.378,112.523,112.932,114.038,115.785,116.39,121.6,122.338,119.722,119.582,120.038,118.003,117.551,115.613,206.313
184443,Burbank,CA,0608954,31080,"Los Angeles-Long Beach-Anaheim, CA","Los Angeles-Long Beach-Anaheim, CA (Metropolitan Statistical Area)",1,113.327,112.24,112.496,111.455,112.058,112.435,112.218,113.341,111.259,110.204,110.976,110.939,113.884,114.151,113.308,114.749,113.566,176.89
161254,Carlsbad,CA,0611194,41740,"San Diego-Chula Vista-Carlsbad, CA","San Diego-Chula Vista-Carlsbad, CA (Metropolitan Statistical Area)",1,113.734,114.553,112.792,114.142,112.851,111.675,110.861,112.263,113.618,112.277,112.555,113.488,115.144,115.054,114.63,110.741,111.887,183.853
161130,Chico,CA,0613014,17020,"Chico, CA","Chico, CA (Metropolitan Statistical Area)",1,99.415,102.254,100.73,102.077,103.484,100.476,99.809,98.395,97.08,100.874,104.211,102.217,101.788,102.479,104.223,104.745,101.197,91.442
211212,Chula Vista,CA,0613392,41740,"San Diego-Chula Vista-Carlsbad, CA","San Diego-Chula Vista-Carlsbad, CA (Metropolitan Statistical Area)",1,113.734,114.553,112.792,114.142,112.851,111.675,110.861,112.263,113.618,112.277,112.555,113.488,115.144,115.054,114.63,110.741,111.887,183.853
203966,Clovis,CA,0614218,23420,"Fresno, CA","Fresno, CA (Metropolitan Statistical Area)",1,97.207,100.981,98.509,100.597,100.376,98.888,98.544,97.457,96.218,98.232,102.287,101.959,100.316,101.329,104.894,104.004,102.158,94.74
161132,Concord,CA,0616000,41860,"San Francisco-Oakland-Fremont, CA","San Francisco-Oakland-Fremont, CA (Metropolitan Statistical Area)",1,119.08,115.209,113.931,112.378,112.523,112.932,114.038,115.785,116.39,121.6,122.338,119.722,119.582,120.038,118.003,117.551,115.613,206.313
207593,Corona,CA,0616350,40140,"Riverside-San Bernardino-Ontario, CA","Riverside-San Bernardino-Ontario, CA (Metropolitan Statistical Area)",1,106.323,106.157,105.165,104.566,104.456,105.66,107.095,107.095,105.644,102.803,106.018,105.653,104.421,105.586,106.698,107.341,106.442,129.176
211207,Costa Mesa,CA,0616532,31080,"Los Angeles-Long Beach-Anaheim, CA","Los Angeles-Long Beach-Anaheim, CA (Metropolitan Statistical Area)",1,113.327,112.24,112.496,111.455,112.058,112.435,112.218,113.341,111.259,110.204,110.976,110.939,113.884,114.151,113.308,114.749,113.566,176.89
211215,Daly,CA,0617918,41860,"San Francisco-Oakland-Fremont, CA","San Francisco-Oakland-Fremont, CA (Metropolitan Statistical Area)",1,119.08,115.209,113.931,112.378,112.523,112.932,114.038,115.785,116.39,121.6,122.338,119.722,119.582,120.038,118.003,117.551,115.613,206.313
183829,Downey,CA,0619766,31080,"Los Angeles-Long Beach-Anaheim, CA","Los Angeles-Long Beach-Anaheim, CA (Metropolitan Statistical Area)",1,113.327,112.24,112.496,111.455,112.058,112.435,112.218,113.341,111.259,110.204,110.976,110.939,113.884,114.151,113.308,114.749,113.566,176.89
183842,El Cajon,CA,0621712,41740,"San Diego-Chula Vista-Carlsbad, CA","San Diego-Chula Vista-Carlsbad, CA (Metropolitan Statistical Area)",1,113.734,114.553,112.792,114.142,112.851,111.675,110.861,112.263,113.618,112.277,112.555,113.488,115.144,115.054,114.63,110.741,111.887,183.853
161169,El Monte,CA,0622230,31080,"Los Angeles-Long Beach-Anaheim, CA","Los Angeles-Long Beach-Anaheim, CA (Metropolitan Statistical Area)",1,113.327,112.24,112.496,111.455,112.058,112.435,112.218,113.341,111.259,110.204,110.976,110.939,113.884,114.151,113.308,114.749,113.566,176.89
200728,Elk Grove,CA,0622020,40900,"Sacramento-Roseville-Folsom, CA","Sacramento-Roseville-Folsom, CA (Metropolitan Statistical Area)",1,101.286,105.151,102.764,104.939,104.854,103.272,103.09,101.24,101.096,103.592,108.911,107.396,106.957,106.271,109.904,109.091,106.67,131.468
161255,Escondido,CA,0622804,41740,"San Diego-Chula Vista-Carlsbad, CA","San Diego-Chula Vista-Carlsbad, CA (Metropolitan Statistical Area)",1,113.734,114.553,112.792,114.142,112.851,111.675,110.861,112.263,113.618,112.277,112.555,113.488,115.144,115.054,114.63,110.741,111.887,183.853
100750,Fairfield,CA,0623182,46700,"Vallejo, CA","Vallejo, CA (Metropolitan Statistical Area)",1,116.786,113.723,111.922,109.53,109.703,110.176,110.743,112.668,113.092,117.577,110.453,109.217,110.661,109.395,112.589,109.359,108.479,151.41
161245,Fontana,CA,0624680,40140,"Riverside-San Bernardino-Ontario, CA","Riverside-San Bernardino-Ontario, CA (Metropolitan Statistical Area)",1,106.323,106.157,105.165,104.566,104.456,105.66,107.095,107.095,105.644,102.803,106.018,105.653,104.421,105.586,106.698,107.341,106.442,129.176
207577,Fremont,CA,0626000,41860,"San Francisco-Oakland-Fremont, CA","San Francisco-Oakland-Fremont, CA (Metropolitan Statistical Area)",1,119.08,115.209,113.931,112.378,112.523,112.932,114.038,115.785,116.39,121.6,122.338,119.722,119.582,120.038,118.003,117.551,115.613,206.313
189636,Fresno,CA,0627000,23420,"Fresno, CA","Fresno, CA (Metropolitan Statistical Area)",1,97.207,100.981,98.509,100.597,100.376,98.888,98.544,97.457,96.218,98.232,102.287,101.959,100.316,101.329,104.894,104.004,102.158,94.74
161218,Fullerton,CA,0628000,31080,"Los Angeles-Long Beach-Anaheim, CA","Los Angeles-Long Beach-Anaheim, CA (Metropolitan Statistical Area)",1,113.327,112.24,112.496,111.455,112.058,112.435,112.218,113.341,111.259,110.204,110.976,110.939,113.884,114.151,113.308,114.749,113.566,176.89
193114,Garden Grove,CA,0629000,31080,"Los Angeles-Long Beach-Anaheim, CA","Los Angeles-Long Beach-Anaheim, CA (Metropolitan Statistical Area)",1,113.327,112.24,112.496,111.455,112.058,112.435,112.218,113.341,111.259,110.204,110.976,110.939,113.884,114.151,113.308,114.749,113.566,176.89
161170,Glendale,CA,0630000,31080,"Los Angeles-Long Beach-Anaheim, CA","Los Angeles-Long Beach-Anaheim, CA (Metropolitan Statistical Area)",1,113.327,112.24,112.496,111.455,112.058,112.435,112.218,113.341,111.259,110.204,110.976,110.939,113.884,114.151,113.308,114.749,113.566,176.89
161123,Hayward,CA,0633000,41860,"San Francisco-Oakland-Fremont, CA","San Francisco-Oakland-Fremont, CA (Metropolitan Statistical Area)",1,119.08,115.209,113.931,112.378,112.523,112.932,114.038,115.785,116.39,121.6,122.338,119.722,119.582,120.038,118.003,117.551,115.613,206.313
100709,Huntington Beach,CA,0636000,31080,"Los Angeles-Long Beach-Anaheim, CA","Los Angeles-Long Beach-Anaheim, CA (Metropolitan Statistical Area)",1,113.327,112.24,112.496,111.455,112.058,112.435,112.218,113.341,111.259,110.204,110.976,110.939,113.884,114.151,113.308,114.749,113.566,176.89
123110,Inglewood,CA,0636546,31080,"Los Angeles-Long Beach-Anaheim, CA","Los Angeles-Long Beach-Anaheim, CA (Metropolitan Statistical Area)",1,113.327,112.24,112.496,111.455,112.058,112.435,112.218,113.341,111.259,110.204,110.976,110.939,113.884,114.151,113.308,114.749,113.566,176.89
161229,Irvine,CA,0636770,31080,"Los Angeles-Long Beach-Anaheim, CA","Los Angeles-Long Beach-Anaheim, CA (Metropolitan Statistical Area)",1,113.327,112.24,112.496,111.455,112.058,112.435,112.218,113.341,111.259,110.204,110.976,110.939,113.884,114.151,113.308,114.749,113.566,176.89
228280,Jurupa Valley,CA,0637692,40140,"Riverside-San Bernardino-Ontario, CA","Riverside-San Bernardino-Ontario, CA (Metropolitan Statistical Area)",1,106.323,106.157,105.165,104.566,104.456,105.66,107.095,107.095,105.644,102.803,106.018,105.653,104.421,105.586,106.698,107.341,106.442,129.176
184451,Lancaster,CA,0640130,31080,"Los Angeles-Long Beach-Anaheim, CA","Los Angeles-Long Beach-Anaheim, CA (Metropolitan Statistical Area)",1,113.327,112.24,112.496,111.455,112.058,112.435,112.218,113.341,111.259,110.204,110.976,110.939,113.884,114.151,113.308,114.749,113.566,176.89
161173,Long Beach,CA,0643000,31080,"Los Angeles-Long Beach-Anaheim, CA","Los Angeles-Long Beach-Anaheim, CA (Metropolitan Statistical Area)",1,113.327,112.24,112.496,111.455,112.058,112.435,112.218,113.341,111.259,110.204,110.976,110.939,113.884,114.151,113.308,114.749,113.566,176.89
161174,Los Angeles,CA,0644000,31080,"Los Angeles-Long Beach-Anaheim, CA","Los Angeles-Long Beach-Anaheim, CA (Metropolitan Statistical Area)",1,113.327,112.24,112.496,111.455,112.058,112.435,112.218,113.341,111.259,110.204,110.976,110.939,113.884,114.151,113.308,114.749,113.566,176.89
207610,Modesto,CA,0648354,33700,"Modesto, CA","Modesto, CA (Metropolitan Statistical Area)",1,98.699,102.481,100.376,101.841,102.076,100.668,99.293,98.628,97.765,99.913,104.525,104.589,103.158,102.961,105.957,105.127,104.108,101.663
161238,Moreno Valley,CA,0649270,40140,"Riverside-San Bernardino-Ontario, CA","Riverside-San Bernardino-Ontario, CA (Metropolitan Statistical Area)",1,106.323,106.157,105.165,104.566,104.456,105.66,107.095,107.095,105.644,102.803,106.018,105.653,104.421,105.586,106.698,107.341,106.442,129.176
100719,Murrieta,CA,0650076,40140,"Riverside-San Bernardino-Ontario, CA","Riverside-San Bernardino-Ontario, CA (Metropolitan Statistical Area)",1,106.323,106.157,105.165,104.566,104.456,105.66,107.095,107.095,105.644,102.803,106.018,105.653,104.421,105.586,106.698,107.341,106.442,129.176
123117,Norwalk,CA,0652526,31080,"Los Angeles-Long Beach-Anaheim, CA","Los Angeles-Long Beach-Anaheim, CA (Metropolitan Statistical Area)",1,113.327,112.24,112.496,111.455,112.058,112.435,112.218,113.341,111.259,110.204,110.976,110.939,113.884,114.151,113.308,114.749,113.566,176.89
123093,Oakland,CA,0653000,41860,"San Francisco-Oakland-Fremont, CA","San Francisco-Oakland-Fremont, CA (Metropolitan Statistical Area)",1,119.08,115.209,113.931,112.378,112.523,112.932,114.038,115.785,116.39,121.6,122.338,119.722,119.582,120.038,118.003,117.551,115.613,206.313
161256,Oceanside,CA,0653322,41740,"San Diego-Chula Vista-Carlsbad, CA","San Diego-Chula Vista-Carlsbad, CA (Metropolitan Statistical Area)",1,113.734,114.553,112.792,114.142,112.851,111.675,110.861,112.263,113.618,112.277,112.555,113.488,115.144,115.054,114.63,110.741,111.887,183.853
161246,Ontario,CA,0653896,40140,"Riverside-San Bernardino-Ontario, CA","Riverside-San Bernardino-Ontario, CA (Metropolitan Statistical Area)",1,106.323,106.157,105.165,104.566,104.456,105.66,107.095,107.095,105.644,102.803,106.018,105.653,104.421,105.586,106.698,107.341,106.442,129.176
161220,Orange,CA,0653980,31080,"Los Angeles-Long Beach-Anaheim, CA","Los Angeles-Long Beach-Anaheim, CA (Metropolitan Statistical Area)",1,113.327,112.24,112.496,111.455,112.058,112.435,112.218,113.341,111.259,110.204,110.976,110.939,113.884,114.151,113.308,114.749,113.566,176.89
161299,Oxnard,CA,0654652,37100,"Oxnard-Thousand Oaks-Ventura, CA","Oxnard-Thousand Oaks-Ventura, CA (Metropolitan Statistical Area)",1,109.515,110.431,109.447,109.637,110.41,111.225,113.136,113.185,111.167,108.143,113.986,112.449,111.336,111.445,114.44,113.685,110.534,174.846
183832,Palmdale,CA,0655156,31080,"Los Angeles-Long Beach-Anaheim, CA","Los Angeles-Long Beach-Anaheim, CA (Metropolitan Statistical Area)",1,113.327,112.24,112.496,111.455,112.058,112.435,112.218,113.341,111.259,110.204,110.976,110.939,113.884,114.151,113.308,114.749,113.566,176.89
207582,Pasadena,CA,0656000,31080,"Los Angeles-Long Beach-Anaheim, CA","Los Angeles-Long Beach-Anaheim, CA (Metropolitan Statistical Area)",1,113.327,112.24,112.496,111.455,112.058,112.435,112.218,113.341,111.259,110.204,110.976,110.939,113.884,114.151,113.308,114.749,113.566,176.89
161179,Pomona,CA,0658072,31080,"Los Angeles-Long Beach-Anaheim, CA","Los Angeles-Long Beach-Anaheim, CA (Metropolitan Statistical Area)",1,113.327,112.24,112.496,111.455,112.058,112.435,112.218,113.341,111.259,110.204,110.976,110.939,113.884,114.151,113.308,114.749,113.566,176.89
161251,Rancho Cucamonga,CA,0659451,40140,"Riverside-San Bernardino-Ontario, CA","Riverside-San Bernardino-Ontario, CA (Metropolitan Statistical Area)",1,106.323,106.157,105.165,104.566,104.456,105.66,107.095,107.095,105.644,102.803,106.018,105.653,104.421,105.586,106.698,107.341,106.442,129.176
123146,Rialto,CA,0660466,40140,"Riverside-San Bernardino-Ontario, CA","Riverside-San Bernardino-Ontario, CA (Metropolitan Statistical Area)",1,106.323,106.157,105.165,104.566,104.456,105.66,107.095,107.095,105.644,102.803,106.018,105.653,104.421,105.586,106.698,107.341,106.442,129.176
161135,Richmond,CA,0660620,41860,"San Francisco-Oakland-Fremont, CA","San Francisco-Oakland-Fremont, CA (Metropolitan Statistical Area)",1,119.08,115.209,113.931,112.378,112.523,112.932,114.038,115.785,116.39,121.6,122.338,119.722,119.582,120.038,118.003,117.551,115.613,206.313
207594,Riverside,CA,0662000,40140,"Riverside-San Bernardino-Ontario, CA","Riverside-San Bernardino-Ontario, CA (Metropolitan Statistical Area)",1,106.323,106.157,105.165,104.566,104.456,105.66,107.095,107.095,105.644,102.803,106.018,105.653,104.421,105.586,106.698,107.341,106.442,129.176
123137,Roseville,CA,0662938,40900,"Sacramento-Roseville-Folsom, CA","Sacramento-Roseville-Folsom, CA (Metropolitan Statistical Area)",1,101.286,105.151,102.764,104.939,104.854,103.272,103.09,101.24,101.096,103.592,108.911,107.396,106.957,106.271,109.904,109.091,106.67,131.468
161241,Sacramento,CA,0664000,40900,"Sacramento-Roseville-Folsom, CA","Sacramento-Roseville-Folsom, CA (Metropolitan Statistical Area)",1,101.286,105.151,102.764,104.939,104.854,103.272,103.09,101.24,101.096,103.592,108.911,107.396,106.957,106.271,109.904,109.091,106.67,131.468
161212,Salinas,CA,0664224,41500,"Salinas, CA","Salinas, CA (Metropolitan Statistical Area)",1,104.64,107.715,106.837,109.395,110.06,108.911,106.593,106.01,104.781,107.801,112.129,111.469,110.255,109.259,113.082,113.181,109.042,159.494
193115,San Bernardino,CA,0665000,40140,"Riverside-San Bernardino-Ontario, CA","Riverside-San Bernardino-Ontario, CA (Metropolitan Statistical Area)",1,106.323,106.157,105.165,104.566,104.456,105.66,107.095,107.095,105.644,102.803,106.018,105.653,104.421,105.586,106.698,107.341,106.442,129.176
161300,San Buenaventura,CA,0665042,37100,"Oxnard-Thousand Oaks-Ventura, CA","Oxnard-Thousand Oaks-Ventura, CA (Metropolitan Statistical Area)",1,109.515,110.431,109.447,109.637,110.41,111.225,113.136,113.185,111.167,108.143,113.986,112.449,111.336,111.445,114.44,113.685,110.534,174.846
207598,San Diego,CA,0666000,41740,"San Diego-Chula Vista-Carlsbad, CA","San Diego-Chula Vista-Carlsbad, CA (Metropolitan Statistical Area)",1,113.734,114.553,112.792,114.142,112.851,111.675,110.861,112.263,113.618,112.277,112.555,113.488,115.144,115.054,114.63,110.741,111.887,183.853
161258,San Francisco And County,CA,0667000,41860,"San Francisco-Oakland-Fremont, CA","San Francisco-Oakland-Fremont, CA (Metropolitan Statistical Area)",1,119.08,115.209,113.931,112.378,112.523,112.932,114.038,115.785,116.39,121.6,122.338,119.722,119.582,120.038,118.003,117.551,115.613,206.313
100745,San Jose,CA,0668000,41940,"San Jose-Sunnyvale-Santa Clara, CA","San Jose-Sunnyvale-Santa Clara, CA (Metropolitan Statistical Area)",1,119.286,115.889,114.034,112.733,113.381,114.075,115.601,117.169,117.72,122.872,114.472,112.914,113.467,111.612,115.281,113.059,110.423,233.193
123157,San Mateo,CA,0668252,41860,"San Francisco-Oakland-Fremont, CA","San Francisco-Oakland-Fremont, CA (Metropolitan Statistical Area)",1,119.08,115.209,113.931,112.378,112.523,112.932,114.038,115.785,116.39,121.6,122.338,119.722,119.582,120.038,118.003,117.551,115.613,206.313
100711,Santa Ana,CA,0669000,31080,"Los Angeles-Long Beach-Anaheim, CA","Los Angeles-Long Beach-Anaheim, CA (Metropolitan Statistical Area)",1,113.327,112.24,112.496,111.455,112.058,112.435,112.218,113.341,111.259,110.204,110.976,110.939,113.884,114.151,113.308,114.749,113.566,176.89
161280,Santa Clara,CA,0669084,41940,"San Jose-Sunnyvale-Santa Clara, CA","San Jose-Sunnyvale-Santa Clara, CA (Metropolitan Statistical Area)",1,119.286,115.889,114.034,112.733,113.381,114.075,115.601,117.169,117.72,122.872,114.472,112.914,113.467,111.612,115.281,113.059,110.423,233.193
137232,Santa Clarita,CA,0669088,31080,"Los Angeles-Long Beach-Anaheim, CA","Los Angeles-Long Beach-Anaheim, CA (Metropolitan Statistical Area)",1,113.327,112.24,112.496,111.455,112.058,112.435,112.218,113.341,111.259,110.204,110.976,110.939,113.884,114.151,113.308,114.749,113.566,176.89
161273,Santa Maria,CA,0669196,42200,"Santa Maria-Santa Barbara, CA","Santa Maria-Santa Barbara, CA (Metropolitan Statistical Area)",1,107.5,110.852,107.993,110.613,110.034,106.619,107.542,106.077,106.567,108.84,112.755,110.861,111.972,111.805,114.003,113.727,108.798,172.191
161287,Santa Rosa,CA,0670098,42220,"Santa Rosa-Petaluma, CA","Santa Rosa-Petaluma, CA (Metropolitan Statistical Area)",1,118.089,113.46,113.66,110.417,112.301,111.525,113.215,114.62,115.051,120.293,113.114,111.474,111.386,109.86,112.524,110.253,107.784,158.248
161302,Simi Valley,CA,0672016,37100,"Oxnard-Thousand Oaks-Ventura, CA","Oxnard-Thousand Oaks-Ventura, CA (Metropolitan Statistical Area)",1,109.515,110.431,109.447,109.637,110.41,111.225,113.136,113.185,111.167,108.143,113.986,112.449,111.336,111.445,114.44,113.685,110.534,174.846
211214,Stockton,CA,0675000,44700,"Stockton-Lodi, CA","Stockton-Lodi, CA (Metropolitan Statistical Area)",1,100.204,104.48,101.534,103.66,103.835,102.191,102.38,100.201,99.902,101.688,106.006,105.74,105.271,104.599,108.525,107.568,105.089,119.296
161281,Sunnyvale,CA,0677000,41940,"San Jose-Sunnyvale-Santa Clara, CA","San Jose-Sunnyvale-Santa Clara, CA (Metropolitan Statistical Area)",1,119.286,115.889,114.034,112.733,113.381,114.075,115.601,117.169,117.72,122.872,114.472,112.914,113.467,111.612,115.281,113.059,110.423,233.193
137234,Temecula,CA,0678120,40140,"Riverside-San Bernardino-Ontario, CA","Riverside-San Bernardino-Ontario, CA (Metropolitan Statistical Area)",1,106.323,106.157,105.165,104.566,104.456,105.66,107.095,107.095,105.644,102.803,106.018,105.653,104.421,105.586,106.698,107.341,106.442,129.176
201369,Thousand Oaks,CA,0678582,37100,"Oxnard-Thousand Oaks-Ventura, CA","Oxnard-Thousand Oaks-Ventura, CA (Metropolitan Statistical Area)",1,109.515,110.431,109.447,109.637,110.41,111.225,113.136,113.185,111.167,108.143,113.986,112.449,111.336,111.445,114.44,113.685,110.534,174.846
207583,Torrance,CA,0680000,31080,"Los Angeles-Long Beach-Anaheim, CA","Los Angeles-Long Beach-Anaheim, CA (Metropolitan Statistical Area)",1,113.327,112.24,112.496,111.455,112.058,112.435,112.218,113.341,111.259,110.204,110.976,110.939,113.884,114.151,113.308,114.749,113.566,176.89
161286,Vacaville,CA,0681554,46700,"Vallejo, CA","Vallejo, CA (Metropolitan Statistical Area)",1,116.786,113.723,111.922,109.53,109.703,110.176,110.743,112.668,113.092,117.577,110.453,109.217,110.661,109.395,112.589,109.359,108.479,151.41
207608,Vallejo,CA,0681666,46700,"Vallejo, CA","Vallejo, CA (Metropolitan Statistical Area)",1,116.786,113.723,111.922,109.53,109.703,110.176,110.743,112.668,113.092,117.577,110.453,109.217,110.661,109.395,112.589,109.359,108.479,151.41
161252,Victorville,CA,0682590,40140,"Riverside-San Bernardino-Ontario, CA","Riverside-San Bernardino-Ontario, CA (Metropolitan Statistical Area)",1,106.323,106.157,105.165,104.566,104.456,105.66,107.095,107.095,105.644,102.803,106.018,105.653,104.421,105.586,106.698,107.341,106.442,129.176
123165,Visalia,CA,0682954,47300,"Visalia, CA","Visalia, CA (Metropolitan Statistical Area)",1,94.855,98.136,96.385,98.417,98.651,96.994,97.181,95.489,94.602,96.542,100.41,99.576,98.783,98.919,102.358,101.48,99.825,82.128
211981,Vista,CA,0682996,41740,"San Diego-Chula Vista-Carlsbad, CA","San Diego-Chula Vista-Carlsbad, CA (Metropolitan Statistical Area)",1,113.734,114.553,112.792,114.142,112.851,111.675,110.861,112.263,113.618,112.277,112.555,113.488,115.144,115.054,114.63,110.741,111.887,183.853
100689,West Covina,CA,0684200,31080,"Los Angeles-Long Beach-Anaheim, CA","Los Angeles-Long Beach-Anaheim, CA (Metropolitan Statistical Area)",1,113.327,112.24,112.496,111.455,112.058,112.435,112.218,113.341,111.259,110.204,110.976,110.939,113.884,114.151,113.308,114.749,113.566,176.89
161374,Arvada,CO,0803455,19740,"Denver-Aurora-Centennial, CO","Denver-Aurora-Centennial, CO (Metropolitan Statistical Area)",2,105.797,103.348,101.901,104.958,105.113,104.895,104.826,105.002,105.174,104.327,102.397,104.392,109.361,109.067,107.334,105.768,105.782,145.608
194644,Aurora,CO,0804000,19740,"Denver-Aurora-Centennial, CO","Denver-Aurora-Centennial, CO (Metropolitan Statistical Area)",3,105.797,103.348,101.901,104.958,105.113,104.895,104.826,105.002,105.174,104.327,102.397,104.392,109.361,109.067,107.334,105.768,105.782,145.608
161337,Boulder,CO,0807850,14500,"Boulder, CO","Boulder, CO (Metropolitan Statistical Area)",1,108.521,105.585,104.494,107.144,107.486,105.814,106.334,106.842,105.612,105.308,101.659,105.455,101.7,100.872,99.939,100.614,105.202,150.294
212209,Centennial,CO,0812815,19740,"Denver-Aurora-Centennial, CO","Denver-Aurora-Centennial, CO (Metropolitan Statistical Area)",1,105.797,103.348,101.901,104.958,105.113,104.895,104.826,105.002,105.174,104.327,102.397,104.392,109.361,109.067,107.334,105.768,105.782,145.608
161362,Colorado Springs,CO,0816000,17820,"Colorado Springs, CO","Colorado Springs, CO (Metropolitan Statistical Area)",1,97.997,101.539,99.126,102.453,102.198,101.284,101.057,99.713,98.961,101.997,97.897,100.332,98.577,96.455,96.838,98.113,100.707,119.293
194647,Denver And County,CO,0820000,19740,"Denver-Aurora-Centennial, CO","Denver-Aurora-Centennial, CO (Metropolitan Statistical Area)",1,105.797,103.348,101.901,104.958,105.113,104.895,104.826,105.002,105.174,104.327,102.397,104.392,109.361,109.067,107.334,105.768,105.782,145.608
101409,Fort Collins,CO,0827425,22660,"Fort Collins-Loveland, CO","Fort Collins-Loveland, CO (Metropolitan Statistical Area)",1,97.206,103.066,101.276,103.273,104.723,103.234,103.176,101.668,101.375,104.384,100.888,102.207,98.507,97.583,98.215,97.308,101.128,130.12
207635,Greeley,CO,0832155,24540,"Greeley, CO","Greeley, CO (Metropolitan Statistical Area)",1,101.101,99.58,98.817,99.152,100.668,100.819,101.33,100.43,100.129,99.717,97.95,100.741,97.493,95.169,94.871,96.643,100.176,104.032
161376,Lakewood,CO,0843000,19740,"Denver-Aurora-Centennial, CO","Denver-Aurora-Centennial, CO (Metropolitan Statistical Area)",1,105.797,103.348,101.901,104.958,105.113,104.895,104.826,105.002,105.174,104.327,102.397,104.392,109.361,109.067,107.334,105.768,105.782,145.608
194651,Longmont,CO,0845970,14500,"Boulder, CO","Boulder, CO (Metropolitan Statistical Area)",2,108.521,105.585,104.494,107.144,107.486,105.814,106.334,106.842,105.612,105.308,101.659,105.455,101.7,100.872,99.939,100.614,105.202,150.294
194654,Pueblo,CO,0862000,39380,"Pueblo, CO","Pueblo, CO (Metropolitan Statistical Area)",1,91.356,95.031,93.496,96.151,96.181,94.277,92.088,92.628,93.156,94.337,90.969,92.563,90.147,90.579,90.424,93.002,91.762,78.624
161328,Thornton,CO,0877290,19740,"Denver-Aurora-Centennial, CO","Denver-Aurora-Centennial, CO (Metropolitan Statistical Area)",2,105.797,103.348,101.901,104.958,105.113,104.895,104.826,105.002,105.174,104.327,102.397,104.392,109.361,109.067,107.334,105.768,105.782,145.608
211654,Westminster,CO,0883835,19740,"Denver-Aurora-Centennial, CO","Denver-Aurora-Centennial, CO (Metropolitan Statistical Area)",2,105.797,103.348,101.901,104.958,105.113,104.895,104.826,105.002,105.174,104.327,102.397,104.392,109.361,109.067,107.334,105.768,105.782,145.608
124038,Bridgeport,CT,0908000,14860,"Bridgeport-Stamford-Danbury, CT","Bridgeport-Stamford-Danbury, CT Metropolitan Statistical Area",1,117.032,117.656,113.363,113.996,113.859,114.897,115.228,113.648,113.8,111.943,107.255,106.217,108.6,106.215,109.939,107.011,106.864,155.371
161441,Hartford,CT,0937000,25540,"Hartford-West Hartford-East Hartford, CT","Hartford-West Hartford-East Hartford, CT (Metropolitan Statistical Area)",1,104.759,104.674,102.958,102.374,102.77,102.123,100.693,103.294,102.916,103.626,102.527,102.926,104.036,102.084,105.072,103.293,102.746,110.056
161447,New Haven,CT,0952000,35300,"New Haven, CT","New Haven, CT (Metropolitan Statistical Area)",1,114.589,114.871,109.54,112.145,111.002,110.083,111.421,109.955,109.287,109.48,103.995,104.448,103.994,102.695,106.345,105.358,104.559,119.511
225767,Stamford,CT,0973000,14860,"Bridgeport-Stamford-Danbury, CT","Bridgeport-Stamford-Danbury, CT Metropolitan Statistical Area",1,117.032,117.656,113.363,113.996,113.859,114.897,115.228,113.648,113.8,111.943,107.255,106.217,108.6,106.215,109.939,107.011,106.864,155.371
101696,Waterbury,CT,0980000,47930,"Waterbury-Shelton, CT","Waterbury-Shelton, CT (Metropolitan Statistical Area)",1,110.81,110.982,105.895,108.43,106.918,107.852,105.78,106.126,106.462,106.445,102.074,101.29,103.431,99.567,102.469,100.98,99.778,91.445
124214,Washington Dc,DC,1150000,47900,"Washington-Arlington-Alexandria, DC-VA-MD-WV","Washington-Arlington-Alexandria, DC-VA-MD-WV (Metropolitan Statistical Area)",1,114.766,114.975,114.594,113.465,111.694,113.893,113.707,113.707,112.096,109.828,111.221,109.752,111.438,111.564,111.207,109.543,108.884,157.096
161649,Cape Coral,FL,1210275,15980,"Cape Coral-Fort Myers, FL","Cape Coral-Fort Myers, FL (Metropolitan Statistical Area)",1,99.936,97.032,97.392,97.696,97.867,97.921,98.571,99.13,101.037,99.438,99.24,97.818,98.104,99.929,101.817,103.1,102.349,123.161
207684,Clearwater,FL,1212875,45300,"Tampa-St. Petersburg-Clearwater, FL","Tampa-St. Petersburg-Clearwater, FL (Metropolitan Statistical Area)",1,103.255,103.308,101.377,100.198,100.291,101.236,101.3,100.909,97.088,96.969,95.286,96.489,101.327,98.777,99.856,102.473,100.89,118.555
161595,Coral Springs,FL,1214400,33100,"Miami-Fort Lauderdale-West Palm Beach, FL","Miami-Fort Lauderdale-West Palm Beach, FL (Metropolitan Statistical Area)",1,106.485,106.02,105.298,106.672,107.453,106.691,105.903,107.339,107.928,108.318,109.533,108.553,109.507,110.014,111.923,112.088,114.155,147.231
161594,Davie,FL,1216475,33100,"Miami-Fort Lauderdale-West Palm Beach, FL","Miami-Fort Lauderdale-West Palm Beach, FL (Metropolitan Statistical Area)",1,106.485,106.02,105.298,106.672,107.453,106.691,105.903,107.339,107.928,108.318,109.533,108.553,109.507,110.014,111.923,112.088,114.155,147.231
161585,Fort Lauderdale,FL,1224000,33100,"Miami-Fort Lauderdale-West Palm Beach, FL","Miami-Fort Lauderdale-West Palm Beach, FL (Metropolitan Statistical Area)",1,106.485,106.02,105.298,106.672,107.453,106.691,105.903,107.339,107.928,108.318,109.533,108.553,109.507,110.014,111.923,112.088,114.155,147.231
161572,Gainesville,FL,1225175,23540,"Gainesville, FL","Gainesville, FL (Metropolitan Statistical Area)",1,97.158,97.327,96.549,97.013,95.837,96.076,96.887,96.128,95.947,96.111,95.998,93.927,92.733,95.829,96.282,97.237,96.733,89.482
161604,Hialeah,FL,1230000,33100,"Miami-Fort Lauderdale-West Palm Beach, FL","Miami-Fort Lauderdale-West Palm Beach, FL (Metropolitan Statistical Area)",1,106.485,106.02,105.298,106.672,107.453,106.691,105.903,107.339,107.928,108.318,109.533,108.553,109.507,110.014,111.923,112.088,114.155,147.231
161586,Hollywood,FL,1232000,33100,"Miami-Fort Lauderdale-West Palm Beach, FL","Miami-Fort Lauderdale-West Palm Beach, FL (Metropolitan Statistical Area)",1,106.485,106.02,105.298,106.672,107.453,106.691,105.903,107.339,107.928,108.318,109.533,108.553,109.507,110.014,111.923,112.088,114.155,147.231
101942,Jacksonville,FL,1235000,27260,"Jacksonville, FL","Jacksonville, FL (Metropolitan Statistical Area)",1,99.589,97.888,98.671,99.181,98.959,98.272,99.263,99.258,99.329,98.733,96.991,95.923,96.383,98.678,98.492,99.645,99.484,103.316
184767,Lakeland,FL,1238250,29460,"Lakeland-Winter Haven, FL","Lakeland-Winter Haven, FL (Metropolitan Statistical Area)",1,96.91,95.41,95.601,96.985,96.091,95.225,96.025,96.759,96.416,95.916,94.483,93.574,93.253,96.081,96.145,97.733,97.141,89.928
194757,Miami,FL,1245000,33100,"Miami-Fort Lauderdale-West Palm Beach, FL","Miami-Fort Lauderdale-West Palm Beach, FL (Metropolitan Statistical Area)",1,106.485,106.02,105.298,106.672,107.453,106.691,105.903,107.339,107.928,108.318,109.533,108.553,109.507,110.014,111.923,112.088,114.155,147.231
214783,Miami Gardens,FL,1245060,33100,"Miami-Fort Lauderdale-West Palm Beach, FL","Miami-Fort Lauderdale-West Palm Beach, FL (Metropolitan Statistical Area)",1,106.485,106.02,105.298,106.672,107.453,106.691,105.903,107.339,107.928,108.318,109.533,108.553,109.507,110.014,111.923,112.088,114.155,147.231
101927,Miramar,FL,1245975,33100,"Miami-Fort Lauderdale-West Palm Beach, FL","Miami-Fort Lauderdale-West Palm Beach, FL (Metropolitan Statistical Area)",1,106.485,106.02,105.298,106.672,107.453,106.691,105.903,107.339,107.928,108.318,109.533,108.553,109.507,110.014,111.923,112.088,114.155,147.231
161665,Orlando,FL,1253000,36740,"Orlando-Kissimmee-Sanford, FL","Orlando-Kissimmee-Sanford, FL (Metropolitan Statistical Area)",1,101.367,99.436,99.769,100.353,99.934,99.773,100.275,100.189,100.813,100.53,98.84,98.176,98.471,99.784,100.524,101.59,101.418,118.51
184735,Palm Bay,FL,1254000,37340,"Palm Bay-Melbourne-Titusville, FL","Palm Bay-Melbourne-Titusville, FL (Metropolitan Statistical Area)",1,99.936,97.186,98.585,98.634,98.003,97.077,98.933,99.605,98.811,99.415,98.328,96.605,96.782,98.909,99.392,101.322,100.005,108.641
161593,Pembroke Pines,FL,1255775,33100,"Miami-Fort Lauderdale-West Palm Beach, FL","Miami-Fort Lauderdale-West Palm Beach, FL (Metropolitan Statistical Area)",1,106.485,106.02,105.298,106.672,107.453,106.691,105.903,107.339,107.928,108.318,109.533,108.553,109.507,110.014,111.923,112.088,114.155,147.231
161588,Pompano Beach,FL,1258050,33100,"Miami-Fort Lauderdale-West Palm Beach, FL","Miami-Fort Lauderdale-West Palm Beach, FL (Metropolitan Statistical Area)",1,106.485,106.02,105.298,106.672,107.453,106.691,105.903,107.339,107.928,108.318,109.533,108.553,109.507,110.014,111.923,112.088,114.155,147.231
161710,Port St Lucie,FL,1258715,38940,"Port St. Lucie, FL","Port St. Lucie, FL (Metropolitan Statistical Area)",1,101.101,98.63,98.895,98.904,99.167,98.405,99.875,99.732,100.504,99.264,99.004,94.385,98.618,98.485,98.326,102.193,100.228,101.426
161693,St Petersburg,FL,1263000,45300,"Tampa-St. Petersburg-Clearwater, FL","Tampa-St. Petersburg-Clearwater, FL (Metropolitan Statistical Area)",1,103.255,103.308,101.377,100.198,100.291,101.236,101.3,100.909,97.088,96.969,95.286,96.489,101.327,98.777,99.856,102.473,100.89,118.555
161650,Tallahassee,FL,1270600,45220,"Tallahassee, FL","Tallahassee, FL (Metropolitan Statistical Area)",1,95.995,94.669,95.699,97.129,97.226,95.98,96.324,96.08,97.359,96.965,93.905,93.135,91.077,94.872,94.343,95.567,93.919,77.69
161633,Tampa,FL,1271000,45300,"Tampa-St. Petersburg-Clearwater, FL","Tampa-St. Petersburg-Clearwater, FL (Metropolitan Statistical Area)",1,103.255,103.308,101.377,100.198,100.291,101.236,101.3,100.909,97.088,96.969,95.286,96.489,101.327,98.777,99.856,102.473,100.89,118.555
161679,West Palm Beach,FL,1276600,33100,"Miami-Fort Lauderdale-West Palm Beach, FL","Miami-Fort Lauderdale-West Palm Beach, FL (Metropolitan Statistical Area)",1,106.485,106.02,105.298,106.672,107.453,106.691,105.903,107.339,107.928,108.318,109.533,108.553,109.507,110.014,111.923,112.088,114.155,147.231
161834,Athens-Clarke County Unified Government,GA,1303436,12020,"Athens-Clarke County, GA","Athens-Clarke County, GA (Metropolitan Statistical Area)",0,94.209,94.348,94.719,94.394,93.333,93.442,93.472,92.871,93.748,93.818,90.547,90.634,90.219,94.407,93.425,93.538,93.343,75.822
194678,Atlanta,GA,1304000,12060,"Atlanta-Sandy Springs-Roswell, GA","Atlanta-Sandy Springs-Roswell, GA (Metropolitan Statistical Area)",2,98.096,95.089,98.276,96.499,99.157,98.293,98.512,98.05,98.446,99.425,98.199,98.113,98.745,99.03,98.609,100.481,100.058,107.271
194679,Augusta-Richmond County Consolidated Government,GA,1304204,12260,"Augusta-Richmond County, GA-SC","Augusta-Richmond County, GA-SC (Metropolitan Statistical Area)",1,91.059,90.569,92.251,93.659,93.452,93.244,92.492,93.229,93.615,92.406,91.433,90.257,89.678,91.894,91.751,91.244,91.903,68.966
161944,Columbus Consolidated Government,GA,1319000,17980,"Columbus, GA-AL","Columbus, GA-AL (Metropolitan Statistical Area)",1,88.446,87.335,90.807,91.495,90.112,90.461,91.071,91.21,90.464,89.636,88.311,87.841,86.315,88.912,89.39,88.841,89.296,61.054
102163,Macon-Bibb County,GA,1349008,31420,"Macon-Bibb County, GA","Macon-Bibb County, GA (Metropolitan Statistical Area)",1,91.281,89.228,89.542,90.791,90.14,89.502,87.983,89.774,89.862,89.771,88.58,86.971,85.288,87.311,90.17,90.196,88.528,61.617
216510,Sandy Springs,GA,1368516,12060,"Atlanta-Sandy Springs-Roswell, GA","Atlanta-Sandy Springs-Roswell, GA (Metropolitan Statistical Area)",1,98.096,95.089,98.276,96.499,99.157,98.293,98.512,98.05,98.446,99.425,98.199,98.113,98.745,99.03,98.609,100.481,100.058,107.271
124438,Savannah,GA,1369000,42340,"Savannah, GA","Savannah, GA (Metropolitan Statistical Area)",1,95.768,94.934,96.289,97.854,97.9,96.329,96.532,96.118,97.101,96.308,95.147,94.126,92.371,95.415,96.132,95.908,95.206,91.266
247337,South Fulton,GA,1372122,12060,"Atlanta-Sandy Springs-Roswell, GA","Atlanta-Sandy Springs-Roswell, GA (Metropolitan Statistical Area)",1,98.096,95.089,98.276,96.499,99.157,98.293,98.512,98.05,98.446,99.425,98.199,98.113,98.745,99.03,98.609,100.481,100.058,107.271
183701,Honolulu And County,HI,1517000,46520,"Urban Honolulu, HI","Urban Honolulu, HI (Metropolitan Statistical Area)",0,111.864,117.634,112.429,113.055,112.371,115.712,114.631,113.972,113.372,113.615,112.828,113.177,115.663,114.067,113.093,111.424,110.961,148.611
164470,Cedar Rapids,IA,1912000,16300,"Cedar Rapids, IA","Cedar Rapids, IA (Metropolitan Statistical Area)",1,92.896,93.39,93.487,92.69,93.748,89.673,92.499,92.353,91.144,91.67,92.348,92.072,91.226,91.986,89.963,89.986,88.963,75.89
208060,Davenport,IA,1919000,19340,"Davenport-Moline-Rock Island, IA-IL","Davenport-Moline-Rock Island, IA-IL (Metropolitan Statistical Area)",1,94.795,93.192,94.031,91.873,93.208,93.17,92.422,91.395,90.693,91.128,91.927,91.978,91.617,91.357,88.73,89.163,89.079,68.693
208056,Des Moines,IA,1921000,19780,"Des Moines-West Des Moines, IA","Des Moines-West Des Moines, IA (Metropolitan Statistical Area)",2,95.14,97.154,95.242,94.385,95.484,95.755,95.932,94.563,94.602,93.923,95.52,95.607,93.807,93.414,92.054,92.752,91.701,87.566
162035,Boise,ID,1608830,14260,"Boise City, ID","Boise City, ID (Metropolitan Statistical Area)",1,95.25,97.727,95.538,96.966,96.662,96.375,95.919,94.868,93.154,95.864,93.596,95.704,93.649,93.752,94.215,94.244,98.391,102.41
162037,Meridian,ID,1652120,14260,"Boise City, ID","Boise City, ID (Metropolitan Statistical Area)",1,95.25,97.727,95.538,96.966,96.662,96.375,95.919,94.868,93.154,95.864,93.596,95.704,93.649,93.752,94.215,94.244,98.391,102.41
162062,Nampa,ID,1656260,14260,"Boise City, ID","Boise City, ID (Metropolitan Statistical Area)",1,95.25,97.727,95.538,96.966,96.662,96.375,95.919,94.868,93.154,95.864,93.596,95.704,93.649,93.752,94.215,94.244,98.391,102.41
189929,Aurora,IL,1703012,16980,"Chicago-Naperville-Elgin, IL-IN","Chicago-Naperville-Elgin, IL-IN (Metropolitan Statistical Area)",4,105.439,106.524,106.054,106.855,105.118,104.241,103.23,102.573,103.794,105.187,104.225,102.649,104.473,105.464,105.706,102.486,103.595,111.224
162236,Chicago,IL,1714000,16980,"Chicago-Naperville-Elgin, IL-IN","Chicago-Naperville-Elgin, IL-IN (Metropolitan Statistical Area)",2,105.439,106.524,106.054,106.855,105.118,104.241,103.23,102.573,103.794,105.187,104.225,102.649,104.473,105.464,105.706,102.486,103.595,111.224
102716,Elgin,IL,1723074,16980,"Chicago-Naperville-Elgin, IL-IN","Chicago-Naperville-Elgin, IL-IN (Metropolitan Statistical Area)",2,105.439,106.524,106.054,106.855,105.118,104.241,103.23,102.573,103.794,105.187,104.225,102.649,104.473,105.464,105.706,102.486,103.595,111.224
162690,Joliet,IL,1738570,16980,"Chicago-Naperville-Elgin, IL-IN","Chicago-Naperville-Elgin, IL-IN (Metropolitan Statistical Area)",2,105.439,106.524,106.054,106.855,105.118,104.241,103.23,102.573,103.794,105.187,104.225,102.649,104.473,105.464,105.706,102.486,103.595,111.224
162299,Naperville,IL,1751622,16980,"Chicago-Naperville-Elgin, IL-IN","Chicago-Naperville-Elgin, IL-IN (Metropolitan Statistical Area)",2,105.439,106.524,106.054,106.855,105.118,104.241,103.23,102.573,103.794,105.187,104.225,102.649,104.473,105.464,105.706,102.486,103.595,111.224
193205,Peoria,IL,1759000,37900,"Peoria, IL","Peoria, IL (Metropolitan Statistical Area)",1,93.99,94.11,92.793,92.012,92.835,92.909,93.703,92.583,90.691,89.629,91.906,92.4,90.36,90.388,90.251,88.834,91.231,65.709
102882,Rockford,IL,1765000,40420,"Rockford, IL","Rockford, IL (Metropolitan Statistical Area)",2,96.684,96.627,93.119,93.718,93.877,93.125,93.317,92.495,93.263,91.049,91.118,92.849,91.753,93.226,90.681,90.166,92.154,69.38
162629,Springfield,IL,1772000,44100,"Springfield, IL","Springfield, IL (Metropolitan Statistical Area)",1,95.048,93.635,93.452,91.882,93.3,93.362,92.828,92.13,92.288,90.711,93.125,91.774,90.893,91.616,89.7,90.651,92.745,65.183
126027,Carmel,IN,1810342,26900,"Indianapolis-Carmel-Greenwood, IN","Indianapolis-Carmel-Greenwood, IN (Metropolitan Statistical Area)",1,96.742,96.252,95.979,94.347,94.915,95.773,94.77,94.296,94.16,93.334,94.813,95.247,93.633,94.896,93.805,94.65,95.696,84.616
163681,Evansville,IN,1822000,21780,"Evansville, IN","Evansville, IN (Metropolitan Statistical Area)",1,93.82,94.88,92.905,92.69,93.052,91.788,91.549,90.998,90.854,90.908,90.061,91.636,90.259,90.729,89.465,89.998,91.528,62.339
103799,Fishers,IN,1823278,26900,"Indianapolis-Carmel-Greenwood, IN","Indianapolis-Carmel-Greenwood, IN (Metropolitan Statistical Area)",1,96.742,96.252,95.979,94.347,94.915,95.773,94.77,94.296,94.16,93.334,94.813,95.247,93.633,94.896,93.805,94.65,95.696,84.616
163465,Fort Wayne,IN,1825000,23060,"Fort Wayne, IN","Fort Wayne, IN (Metropolitan Statistical Area)",1,93.502,92.049,92.604,91.991,92.239,92.829,91.842,91.129,91.972,90.594,91.634,92.067,89.927,91.716,92.395,89.748,92.572,77.554
207957,Indianapolis,IN,1836003,26900,"Indianapolis-Carmel-Greenwood, IN","Indianapolis-Carmel-Greenwood, IN (Metropolitan Statistical Area)",1,96.742,96.252,95.979,94.347,94.915,95.773,94.77,94.296,94.16,93.334,94.813,95.247,93.633,94.896,93.805,94.65,95.696,84.616
126081,South Bend,IN,1871000,43780,"South Bend-Mishawaka, IN-MI","South Bend-Mishawaka, IN-MI (Metropolitan Statistical Area)",1,92.43,93.29,92.859,92.243,90.448,92.315,91.951,90.511,91.364,88.582,91.867,92.062,91.525,91.691,92.293,91.378,92.858,76.551
204523,Olathe,KS,2052575,28140,"Kansas City, MO-KS","Kansas City, MO-KS (Metropolitan Statistical Area)",1,93.079,94.969,96.002,96.573,96.851,95.847,97.099,98.571,97.215,96.892,94.219,94.948,95.036,93.64,91.975,93.203,92.543,85.588
208111,Overland Park,KS,2053775,28140,"Kansas City, MO-KS","Kansas City, MO-KS (Metropolitan Statistical Area)",1,93.079,94.969,96.002,96.573,96.851,95.847,97.099,98.571,97.215,96.892,94.219,94.948,95.036,93.64,91.975,93.203,92.543,85.588
164885,Topeka,KS,2071000,45820,"Topeka, KS","Topeka, KS (Metropolitan Statistical Area)",1,91.47,92.622,92.991,92.046,91.557,91.609,92.372,90.276,89.859,89.192,91.771,90.809,90.108,89.34,87.335,85.839,88.82,59.538
201810,Wichita,KS,2079000,48620,"Wichita, KS","Wichita, KS (Metropolitan Statistical Area)",1,94.165,93.664,93.292,92.381,92.477,93.319,92.487,91.591,92.126,91.182,91.098,92.294,92.037,90.988,88.784,89.421,88.946,67.434
164911,Wyandotte County And Kansas Unified Government,KS,2036000,28140,"Kansas City, MO-KS","Kansas City, MO-KS (Metropolitan Statistical Area)",1,93.079,94.969,96.002,96.573,96.851,95.847,97.099,98.571,97.215,96.892,94.219,94.948,95.036,93.64,91.975,93.203,92.543,85.588
165831,Lexington-Fayette Urban County Government,KY,2146027,30460,"Lexington-Fayette, KY","Lexington-Fayette, KY (Metropolitan Statistical Area)",1,94.986,93.623,94.249,95.061,96.213,95.065,95.146,95.103,95.163,94.763,91.254,92.504,91.591,92.054,91.256,92.501,92.889,70.802
165866,Louisville-Jefferson County Metro Government,KY,2148003,31140,"Louisville/Jefferson County, KY-IN","Louisville/Jefferson County, KY-IN (Metropolitan Statistical Area)",0,93.215,92.277,94.304,94.4,94.873,95.212,95.386,94.553,95.051,94.383,91.649,91.304,91.582,91.626,92.053,93.192,93.074,75.246
166054,Baton Rouge-East Baton Rouge-Parish,LA,2205000,12940,"Baton Rouge, LA","Baton Rouge, LA (Metropolitan Statistical Area)",1,93.149,91.783,93.371,94.633,94.211,94.883,94.735,94.651,95.622,93.921,92.798,92.824,93.119,93.155,92.404,91.233,90.78,75.694
166076,Lafayette-Parish,LA,2240735,29180,"Lafayette, LA","Lafayette, LA (Metropolitan Statistical Area)",1,89.64,89.881,90.78,92.052,93.568,91.684,94.275,93.189,93.804,92.351,90.777,90.391,90.371,91.316,89.813,87.553,87.209,63.743
166094,New Orleans,LA,2255000,35380,"New Orleans-Metairie, LA","New Orleans-Metairie, LA (Metropolitan Statistical Area)",1,98.246,96.131,97.634,97.677,97.892,97.36,97.483,96.712,98.166,96.52,93.723,94.67,95.747,94.444,93.738,91.194,92.597,84.723
127810,Shreveport,LA,2270000,43340,"Shreveport-Bossier City, LA","Shreveport-Bossier City, LA (Metropolitan Statistical Area)",2,90.913,90.027,90.596,93.548,93.449,91.986,94.122,93.191,92.756,90.586,89.934,89.849,88.859,90.471,88.795,87.441,84.766,59.65
128108,Boston,MA,2507000,14460,"Boston-Cambridge-Newton, MA-NH","Boston-Cambridge-Newton, MA-NH (Metropolitan Statistical Area)",1,107.712,106.647,106.266,106.646,105.953,104.261,105.767,106.304,110.144,109.129,110.327,109.897,112.549,109.815,112.187,110.393,108.266,150.152
166455,Brockton,MA,2509000,14460,"Boston-Cambridge-Newton, MA-NH","Boston-Cambridge-Newton, MA-NH (Metropolitan Statistical Area)",1,107.712,106.647,106.266,106.646,105.953,104.261,105.767,106.304,110.144,109.129,110.327,109.897,112.549,109.815,112.187,110.393,108.266,150.152
166448,Cambridge,MA,2511000,14460,"Boston-Cambridge-Newton, MA-NH","Boston-Cambridge-Newton, MA-NH (Metropolitan Statistical Area)",1,107.712,106.647,106.266,106.646,105.953,104.261,105.767,106.304,110.144,109.129,110.327,109.897,112.549,109.815,112.187,110.393,108.266,150.152
166449,Lowell,MA,2537000,14460,"Boston-Cambridge-Newton, MA-NH","Boston-Cambridge-Newton, MA-NH (Metropolitan Statistical Area)",1,107.712,106.647,106.266,106.646,105.953,104.261,105.767,106.304,110.144,109.129,110.327,109.897,112.549,109.815,112.187,110.393,108.266,150.152
106055,Lynn,MA,2537490,14460,"Boston-Cambridge-Newton, MA-NH","Boston-Cambridge-Newton, MA-NH (Metropolitan Statistical Area)",1,107.712,106.647,106.266,106.646,105.953,104.261,105.767,106.304,110.144,109.129,110.327,109.897,112.549,109.815,112.187,110.393,108.266,150.152
166441,New Bedford,MA,2545000,39300,"Providence-Warwick, RI-MA","Providence-Warwick, RI-MA (Metropolitan Statistical Area)",1,103.67,103.764,101.765,101.296,100.344,101.576,100.502,102.307,101.918,103.061,101.411,101.854,101.664,101.358,103.636,101.511,101.773,98.343
166454,Quincy,MA,2555745,14460,"Boston-Cambridge-Newton, MA-NH","Boston-Cambridge-Newton, MA-NH (Metropolitan Statistical Area)",1,107.712,106.647,106.266,106.646,105.953,104.261,105.767,106.304,110.144,109.129,110.327,109.897,112.549,109.815,112.187,110.393,108.266,150.152
106061,Springfield,MA,2567000,44140,"Springfield, MA","Springfield, MA (Metropolitan Statistical Area)",1,99.464,101.832,98.748,97.718,97.75,101.305,98.852,99.719,99.373,99.386,97.378,97.836,99.064,97.66,98.927,98.068,96.061,73.487
106079,Worcester,MA,2582000,49340,"Worcester, MA","Worcester, MA (Metropolitan Statistical Area)",1,104.667,103.481,103.22,103.779,103.001,101.702,103.106,102.019,106.261,104.805,101.355,100.978,101.811,100.439,105.086,102.982,102.523,106.846
208246,Baltimore,MD,2404000,12580,"Baltimore-Columbia-Towson, MD","Baltimore-Columbia-Towson, MD (Metropolitan Statistical Area)",1,106.365,109.392,106.06,108.803,106.492,106.758,105.693,105.96,106.095,107.648,105.256,103.911,105.363,104.901,102.419,103.184,104.487,120.536
190480,Ann Arbor,MI,2603000,11460,"Ann Arbor, MI","Ann Arbor, MI (Metropolitan Statistical Area)",1,103.633,101.299,101.136,100.368,100.855,100.139,102.572,100.22,98.389,98.536,99.298,100.67,98.552,99.495,97.878,98.15,100.88,113.802
194789,Dearborn,MI,2621000,19820,"Detroit-Warren-Dearborn, MI","Detroit-Warren-Dearborn, MI (Metropolitan Statistical Area)",1,100.59,100.179,99.412,98.541,97.85,98.357,98.7,96.85,96.275,95.817,97.251,98.442,98.338,96.408,96.266,98.187,100.298,94.175
166817,Detroit,MI,2622000,19820,"Detroit-Warren-Dearborn, MI","Detroit-Warren-Dearborn, MI (Metropolitan Statistical Area)",1,100.59,100.179,99.412,98.541,97.85,98.357,98.7,96.85,96.275,95.817,97.251,98.442,98.338,96.408,96.266,98.187,100.298,94.175
185901,Grand Rapids,MI,2634000,24340,"Grand Rapids-Wyoming-Kentwood, MI","Grand Rapids-Wyoming-Kentwood, MI (Metropolitan Statistical Area)",1,95.59,95.588,95.2,94.24,94.691,95.575,95.117,93.418,94.203,92.183,94.069,95.678,94.289,96.19,94.104,94.975,95.546,85.751
166690,Lansing,MI,2646000,29620,"Lansing-East Lansing, MI","Lansing-East Lansing, MI (Metropolitan Statistical Area)",3,98.328,97.142,97.887,94.999,95.692,96.532,96.108,93.234,94.745,93.871,94.264,94.699,93.8,94.243,94.02,93.026,94.991,85.64
166734,Sterling Heights,MI,2676460,19820,"Detroit-Warren-Dearborn, MI","Detroit-Warren-Dearborn, MI (Metropolitan Statistical Area)",1,100.59,100.179,99.412,98.541,97.85,98.357,98.7,96.85,96.275,95.817,97.251,98.442,98.338,96.408,96.266,98.187,100.298,94.175
128309,Warren,MI,2684000,19820,"Detroit-Warren-Dearborn, MI","Detroit-Warren-Dearborn, MI (Metropolitan Statistical Area)",1,100.59,100.179,99.412,98.541,97.85,98.357,98.7,96.85,96.275,95.817,97.251,98.442,98.338,96.408,96.266,98.187,100.298,94.175
193551,Minneapolis,MN,2743000,33460,"Minneapolis-St. Paul-Bloomington, MN-WI","Minneapolis-St. Paul-Bloomington, MN-WI (Metropolitan Statistical Area)",1,102.937,104.963,102.313,102.504,101.233,102.07,103.56,102.798,102.349,102.25,104.735,102.748,102.414,103.53,102.641,104.302,104.822,119.045
167574,Rochester,MN,2754880,40340,"Rochester, MN","Rochester, MN (Metropolitan Statistical Area)",1,95.197,95.561,91.189,93.568,94.482,93.903,95.865,93.562,92.839,92.848,93.082,94.681,96.687,91.945,92.006,92.958,90.821,91.216
167605,St Paul,MN,2758000,33460,"Minneapolis-St. Paul-Bloomington, MN-WI","Minneapolis-St. Paul-Bloomington, MN-WI (Metropolitan Statistical Area)",1,102.937,104.963,102.313,102.504,101.233,102.07,103.56,102.798,102.349,102.25,104.735,102.748,102.414,103.53,102.641,104.302,104.822,119.045
168809,Columbia,MO,2915670,17860,"Columbia, MO","Columbia, MO (Metropolitan Statistical Area)",1,93.519,93.486,93.021,91.926,93.446,92.534,92.875,91.48,91.166,91.095,91.591,92.401,91.11,89.516,87.805,89.125,89.438,64.851
129515,Independence,MO,2935000,28140,"Kansas City, MO-KS","Kansas City, MO-KS (Metropolitan Statistical Area)",2,93.079,94.969,96.002,96.573,96.851,95.847,97.099,98.571,97.215,96.892,94.219,94.948,95.036,93.64,91.975,93.203,92.543,85.588
186236,Kansas,MO,2938000,28140,"Kansas City, MO-KS","Kansas City, MO-KS (Metropolitan Statistical Area)",4,93.079,94.969,96.002,96.573,96.851,95.847,97.099,98.571,97.215,96.892,94.219,94.948,95.036,93.64,91.975,93.203,92.543,85.588
168926,Lees Summit,MO,2941348,28140,"Kansas City, MO-KS","Kansas City, MO-KS (Metropolitan Statistical Area)",2,93.079,94.969,96.002,96.573,96.851,95.847,97.099,98.571,97.215,96.892,94.219,94.948,95.036,93.64,91.975,93.203,92.543,85.588
168896,Springfield,MO,2970000,44180,"Springfield, MO","Springfield, MO (Metropolitan Statistical Area)",2,91.741,92.181,92.019,90.42,90.77,91.418,89.856,90.276,89.547,88.331,89.801,90.148,88.463,89.103,86.693,89.11,88.585,59.604
169159,St Louis,MO,2965000,41180,"St. Louis, MO-IL","St. Louis, MO-IL (Metropolitan Statistical Area)",1,91.019,93.296,96.96,96.289,94.483,95.588,96.891,94.561,94.52,95.682,94.484,95.096,95.209,96.268,96.553,94.973,95.088,79.819
129295,Jackson,MS,2836000,27140,"Jackson, MS","Jackson, MS (Metropolitan Statistical Area)",3,91.597,90.881,93.275,93.062,92.982,93.037,92.687,92.891,93.532,92.57,88.729,88.566,88.856,88.479,90.166,89.837,89.048,67.348
108127,Billings,MT,3006550,13740,"Billings, MT","Billings, MT (Metropolitan Statistical Area)",1,94.956,95.773,94.981,96.801,97.965,96.322,97.119,96.809,94.817,97.158,94.189,95.693,92.219,92.297,91.666,90.35,93.526,81.815
131775,Cary,NC,3710740,39580,"Raleigh-Cary, NC","Raleigh-Cary, NC (Metropolitan Statistical Area)",2,97.012,95.916,97.21,98.269,98.019,97.943,98.386,98.271,99.265,98.42,96.861,95.585,95.403,97.598,98.324,98.355,98.157,104.414
194726,Charlotte,NC,3712000,16740,"Charlotte-Concord-Gastonia, NC-SC","Charlotte-Concord-Gastonia, NC-SC (Metropolitan Statistical Area)",1,95.304,94.062,95.664,95.714,96.149,95.926,96.342,96.211,96.935,96.203,95.527,94.484,94.168,96.601,96.787,97.323,97.348,93.88
110047,Concord,NC,3714100,16740,"Charlotte-Concord-Gastonia, NC-SC","Charlotte-Concord-Gastonia, NC-SC (Metropolitan Statistical Area)",1,95.304,94.062,95.664,95.714,96.149,95.926,96.342,96.211,96.935,96.203,95.527,94.484,94.168,96.601,96.787,97.323,97.348,93.88
208963,Durham,NC,3719000,20500,"Durham-Chapel Hill, NC","Durham-Chapel Hill, NC (Metropolitan Statistical Area)",3,97.316,96.178,97.208,97.675,96.672,97.336,97.618,97.603,97.539,96.956,95.792,94.809,94.848,96.597,97.082,97.347,97.572,95.253
131717,Fayetteville,NC,3722920,22180,"Fayetteville, NC","Fayetteville, NC (Metropolitan Statistical Area)",1,92.4,90.848,92.916,93.565,94.062,93.481,93.529,92.795,92.049,91.403,90.996,89.156,88.961,91.491,91.862,91.854,91.978,70.867
171207,Greensboro,NC,3728000,24660,"Greensboro-High Point, NC","Greensboro-High Point, NC (Metropolitan Statistical Area)",1,92.581,91.098,92.9,93.766,93.379,93.332,93.831,93.703,92.699,92.395,92.176,90.275,89.379,92.739,92.452,92.889,92.865,71.141
194732,High Point,NC,3731400,24660,"Greensboro-High Point, NC","Greensboro-High Point, NC (Metropolitan Statistical Area)",4,92.581,91.098,92.9,93.766,93.379,93.332,93.831,93.703,92.699,92.395,92.176,90.275,89.379,92.739,92.452,92.889,92.865,71.141
171305,Raleigh,NC,3755000,39580,"Raleigh-Cary, NC","Raleigh-Cary, NC (Metropolitan Statistical Area)",2,97.012,95.916,97.21,98.269,98.019,97.943,98.386,98.271,99.265,98.42,96.861,95.585,95.403,97.598,98.324,98.355,98.157,104.414
171248,Wilmington,NC,3774440,48900,"Wilmington, NC","Wilmington, NC (Metropolitan Statistical Area)",1,93.23,91.841,94.686,94.414,95.169,94.889,95.59,93.663,95.115,93.913,95.014,93.457,94.045,97.018,96.01,95.442,96.422,90.882
194744,Winston-Salem,NC,3775000,49180,"Winston-Salem, NC","Winston-Salem, NC (Metropolitan Statistical Area)",1,91.873,90.67,91.971,93.229,92.619,92.575,93.085,92.977,93.073,91.621,90.741,89.321,89.472,91.596,92.131,91.602,92.043,69.586
171371,Fargo,ND,3825700,22020,"Fargo, ND-MN","Fargo, ND-MN (Metropolitan Statistical Area)",1,97.264,94.85,95.227,94.291,95.946,95.317,92.569,94.474,95.415,93.859,93.045,94.995,92.451,92.574,87.941,89.135,90.871,63.593
169646,Lincoln,NE,3128000,30700,"Lincoln, NE","Lincoln, NE (Metropolitan Statistical Area)",1,94.951,95.033,94.883,93.331,93.842,94.612,94.681,93.994,93.251,93.619,94.443,95.127,95.211,93.245,91.977,91.893,91.581,86.229
208698,Omaha,NE,3137000,36540,"Omaha, NE-IA","Omaha, NE-IA (Metropolitan Statistical Area)",1,96.032,96.193,95.768,94.198,95.727,95.118,95.568,94.156,94.566,94.074,94.206,94.898,94.957,93.796,92.009,92.475,91.911,87.015
170001,Manchester,NH,3345140,31700,"Manchester-Nashua, NH","Manchester-Nashua, NH (Metropolitan Statistical Area)",1,109.013,104.383,104.446,104.697,104.158,101.947,104.317,104.997,107.971,107.322,103.337,104.17,104.777,102.185,108.195,105.622,105.657,132.627
204933,Elizabeth,NJ,3421000,35620,"New York-Newark-Jersey City, NY-NJ","New York-Newark-Jersey City, NY-NJ (Metropolitan Statistical Area)",1,113.482,114.779,113.214,114.589,113.75,113.314,113.229,113.255,113.714,113.583,114.531,114.899,115.572,114.81,112.987,112.645,112.563,154.292
193734,Jersey,NJ,3436000,35620,"New York-Newark-Jersey City, NY-NJ","New York-Newark-Jersey City, NY-NJ (Metropolitan Statistical Area)",1,113.482,114.779,113.214,114.589,113.75,113.314,113.229,113.255,113.714,113.583,114.531,114.899,115.572,114.81,112.987,112.645,112.563,154.292
130835,Newark,NJ,3451000,35620,"New York-Newark-Jersey City, NY-NJ","New York-Newark-Jersey City, NY-NJ (Metropolitan Statistical Area)",1,113.482,114.779,113.214,114.589,113.75,113.314,113.229,113.255,113.714,113.583,114.531,114.899,115.572,114.81,112.987,112.645,112.563,154.292
184046,Paterson,NJ,3457000,35620,"New York-Newark-Jersey City, NY-NJ","New York-Newark-Jersey City, NY-NJ (Metropolitan Statistical Area)",1,113.482,114.779,113.214,114.589,113.75,113.314,113.229,113.255,113.714,113.583,114.531,114.899,115.572,114.81,112.987,112.645,112.563,154.292
170378,Albuquerque,NM,3502000,10740,"Albuquerque, NM","Albuquerque, NM (Metropolitan Statistical Area)",1,96.974,99.044,97.431,100.436,99.586,98.341,98.48,96.755,96.61,98.123,93.919,95.072,94.168,92.103,93.375,93.627,95.546,88.684
208793,Las Cruces,NM,3539380,29740,"Las Cruces, NM","Las Cruces, NM (Metropolitan Statistical Area)",1,92.133,93.953,92.982,94.869,94.758,94.822,93.725,92.809,90.696,92.735,87.839,91.316,87.309,85.987,86.761,89.898,90.212,59.996
170404,Rio Rancho,NM,3563460,10740,"Albuquerque, NM","Albuquerque, NM (Metropolitan Statistical Area)",2,96.974,99.044,97.431,100.436,99.586,98.341,98.48,96.755,96.61,98.123,93.919,95.072,94.168,92.103,93.375,93.627,95.546,88.684
169987,Henderson,NV,3231900,29820,"Las Vegas-Henderson-North Las Vegas, NV","Las Vegas-Henderson-North Las Vegas, NV (Metropolitan Statistical Area)",1,101.614,104.215,101.41,102.976,102.34,100.225,99.646,98.812,97.496,100.193,96.331,98.993,97.768,95.357,96.482,98.286,100.215,112.647
169988,Las Vegas,NV,3240000,29820,"Las Vegas-Henderson-North Las Vegas, NV","Las Vegas-Henderson-North Las Vegas, NV (Metropolitan Statistical Area)",1,101.614,104.215,101.41,102.976,102.34,100.225,99.646,98.812,97.496,100.193,96.331,98.993,97.768,95.357,96.482,98.286,100.215,112.647
208734,North Las Vegas,NV,3251800,29820,"Las Vegas-Henderson-North Las Vegas, NV","Las Vegas-Henderson-North Las Vegas, NV (Metropolitan Statistical Area)",1,101.614,104.215,101.41,102.976,102.34,100.225,99.646,98.812,97.496,100.193,96.331,98.993,97.768,95.357,96.482,98.286,100.215,112.647
169993,Reno,NV,3260600,39900,"Reno, NV","Reno, NV (Metropolitan Statistical Area)",1,101.346,103.221,101.29,102.868,102.467,100.853,99.859,99.363,98.169,100.517,97.514,100.166,98.256,96.868,97.886,98.025,101.014,124.762
108910,Sparks,NV,3268400,39900,"Reno, NV","Reno, NV (Metropolitan Statistical Area)",1,101.346,103.221,101.29,102.868,102.467,100.853,99.859,99.363,98.169,100.517,97.514,100.166,98.256,96.868,97.886,98.025,101.014,124.762
170440,Albany,NY,3601000,10580,"Albany-Schenectady-Troy, NY","Albany-Schenectady-Troy, NY (Metropolitan Statistical Area)",1,102.446,101.846,99.638,100.561,99.456,101.646,99.193,100.607,101.077,100.618,99.86,99.434,98.997,98.995,96.582,98.177,99.566,92.409
186634,Buffalo,NY,3611000,15380,"Buffalo-Cheektowaga, NY","Buffalo-Cheektowaga, NY (Metropolitan Statistical Area)",1,97.044,97.666,96.153,96.125,96.171,97.295,94.776,97.732,97.482,97.271,95.618,94.57,94.181,94.874,93.994,94.921,95.844,78.574
194805,New York,NY,3651000,35620,"New York-Newark-Jersey City, NY-NJ","New York-Newark-Jersey City, NY-NJ (Metropolitan Statistical Area)",5,113.482,114.779,113.214,114.589,113.75,113.314,113.229,113.255,113.714,113.583,114.531,114.899,115.572,114.81,112.987,112.645,112.563,154.292
131239,Rochester,NY,3663000,40380,"Rochester, NY","Rochester, NY (Metropolitan Statistical Area)",1,100.847,100.717,98.955,98.249,98.507,99.584,97.976,99.755,99.791,100.888,99.016,97.733,97.306,97.476,95.395,98.389,97.035,85.788
170582,Syracuse,NY,3673000,45060,"Syracuse, NY","Syracuse, NY (Metropolitan Statistical Area)",1,98.467,98.248,97.832,97.863,95.731,96.916,95.788,99.293,98.987,98.877,97.638,95.064,95.928,96.263,93.549,95.717,95.742,76.144
109593,Yonkers,NY,3684000,35620,"New York-Newark-Jersey City, NY-NJ","New York-Newark-Jersey City, NY-NJ (Metropolitan Statistical Area)",1,113.482,114.779,113.214,114.589,113.75,113.314,113.229,113.255,113.714,113.583,114.531,114.899,115.572,114.81,112.987,112.645,112.563,154.292
209096,Akron,OH,3901000,10420,"Akron, OH","Akron, OH (Metropolitan Statistical Area)",1,92.502,95.176,93.197,94.033,95.484,95.233,94.917,95.522,95.167,95.311,94.307,94.702,93.519,93.528,92.121,92.924,93.37,76.581
191166,Cincinnati,OH,3915000,17140,"Cincinnati, OH-KY-IN","Cincinnati, OH-KY-IN (Metropolitan Statistical Area)",1,97.09,96.482,94.698,93.16,93.399,93.781,92.905,91.81,93.656,93.927,94.357,94.936,93.907,94.216,93.591,94.224,95.37,83.822
172358,Cleveland,OH,3916000,17410,"Cleveland, OH","Cleveland, OH (Metropolitan Statistical Area)",1,92.567,96.149,94.163,94.772,95.028,96.285,96.023,95.358,95.392,95.278,94.565,94.261,93.324,93.807,92.987,92.909,93.923,81.78
209050,Columbus,OH,3918000,18140,"Columbus, OH","Columbus, OH (Metropolitan Statistical Area)",3,96.565,95.998,95.932,94.088,95.401,95.457,95.275,94.512,94.569,93.654,95.274,95.628,94.417,94.858,94.093,94.63,95.469,87.632
172543,Dayton,OH,3921000,19430,"Dayton-Kettering-Beavercreek, OH","Dayton-Kettering-Beavercreek, OH (Metropolitan Statistical Area)",2,96.044,94.636,94.228,93.127,93.119,93.613,93.487,92.602,92.712,91.862,92.823,92.484,91.829,92.32,91.453,92.377,92.694,72.853
205133,Toledo,OH,3977000,45780,"Toledo, OH","Toledo, OH (Metropolitan Statistical Area)",1,95.868,93.717,93.872,93.41,92.479,92.513,93.427,91.996,92.627,91.703,92.689,92.512,90.934,90.088,90.613,90.624,91.455,68.129
184222,Broken Arrow,OK,4009050,46140,"Tulsa, OK","Tulsa, OK (Metropolitan Statistical Area)",2,92.854,91.996,93.363,93.846,94.17,94.381,94.367,94.465,94.606,93.762,91.163,91.117,91.651,91.68,90.557,89.895,89.214,70.599
205181,Norman,OK,4052500,36420,"Oklahoma City, OK","Oklahoma City, OK (Metropolitan Statistical Area)",1,92.825,91.668,94.093,94.248,94.798,94.704,95.121,94.319,94.811,94.436,92.055,91.91,92.653,92.444,91.351,91.445,90.408,74.474
209170,Oklahoma,OK,4055000,36420,"Oklahoma City, OK","Oklahoma City, OK (Metropolitan Statistical Area)",4,92.825,91.668,94.093,94.248,94.798,94.704,95.121,94.319,94.811,94.436,92.055,91.91,92.653,92.444,91.351,91.445,90.408,74.474
212090,Tulsa,OK,4075000,46140,"Tulsa, OK","Tulsa, OK (Metropolitan Statistical Area)",4,92.854,91.996,93.363,93.846,94.17,94.381,94.367,94.465,94.606,93.762,91.163,91.117,91.651,91.68,90.557,89.895,89.214,70.599
193960,Bend,OR,4105800,13460,"Bend, OR","Bend, OR (Metropolitan Statistical Area)",1,99.772,98.722,96.578,95.747,95.753,96.115,98.165,100.872,98.977,101.252,103.14,102.855,102.933,101.975,106.833,105.276,103.607,110.888
133222,Eugene,OR,4123850,21660,"Eugene-Springfield, OR","Eugene-Springfield, OR (Metropolitan Statistical Area)",1,96.381,100.05,97.889,100.915,100.46,99.128,98.69,97.689,97.95,99.643,102.134,101.518,100.553,100.78,104.665,103.544,101.568,99.446
173685,Gresham,OR,4131250,38900,"Portland-Vancouver-Hillsboro, OR-WA","Portland-Vancouver-Hillsboro, OR-WA (Metropolitan Statistical Area)",1,98.729,102.304,101.594,101.855,104.34,103.045,102.134,103.69,101.545,103.751,107.267,106.44,105.831,105.407,108.833,106.714,105.421,128.413
211253,Hillsboro,OR,4134100,38900,"Portland-Vancouver-Hillsboro, OR-WA","Portland-Vancouver-Hillsboro, OR-WA (Metropolitan Statistical Area)",1,98.729,102.304,101.594,101.855,104.34,103.045,102.134,103.69,101.545,103.751,107.267,106.44,105.831,105.407,108.833,106.714,105.421,128.413
211254,Portland,OR,4159000,38900,"Portland-Vancouver-Hillsboro, OR-WA","Portland-Vancouver-Hillsboro, OR-WA (Metropolitan Statistical Area)",3,98.729,102.304,101.594,101.855,104.34,103.045,102.134,103.69,101.545,103.751,107.267,106.44,105.831,105.407,108.833,106.714,105.421,128.413
205218,Salem,OR,4164900,41420,"Salem, OR","Salem, OR (Metropolitan Statistical Area)",2,94.14,99.019,98.893,98.173,101.072,99.348,97.687,98.936,97.114,99.079,102.398,101.839,100.935,101.979,104.81,102.459,103.649,99.629
174015,Allentown,PA,4202000,10900,"Allentown-Bethlehem-Easton, PA-NJ","Allentown-Bethlehem-Easton, PA-NJ (Metropolitan Statistical Area)",1,101.062,102.387,101.084,99.843,99.905,100.764,99.504,100.948,101.097,101.692,99.188,99.147,99.704,98.108,98.067,98.88,99.968,102.855
133602,Philadelphia,PA,4260000,37980,"Philadelphia-Camden-Wilmington, PA-NJ-DE-MD","Philadelphia-Camden-Wilmington, PA-NJ-DE-MD (Metropolitan Statistical Area)",1,106.427,107.606,106.331,105.334,103.865,101.818,102.397,102.177,102.535,103.991,103.169,103.685,102.327,99.006,100.74,102.363,102.554,115.769
133470,Pittsburgh,PA,4261000,38300,"Pittsburgh, PA","Pittsburgh, PA (Metropolitan Statistical Area)",1,92.423,93.07,94.32,94.853,95.525,94.393,94.372,95.01,93.934,94.937,95.58,95.338,95.499,94.842,93.728,94.706,94.671,73.977
112811,Providence,RI,4459000,39300,"Providence-Warwick, RI-MA","Providence-Warwick, RI-MA (Metropolitan Statistical Area)",1,103.67,103.764,101.765,101.296,100.344,101.576,100.502,102.307,101.918,103.061,101.411,101.854,101.664,101.358,103.636,101.511,101.773,98.343
174889,Charleston,SC,4513330,16700,"Charleston-North Charleston, SC","Charleston-North Charleston, SC (Metropolitan Statistical Area)",2,97.435,97.342,97.752,99.44,100.333,99.628,99.823,100.055,99.722,99.237,98.309,98.185,98.015,99.155,99.105,101.098,100.962,110.874
174959,Columbia,SC,4516000,17900,"Columbia, SC","Columbia, SC (Metropolitan Statistical Area)",2,93.542,92.307,94.122,95.252,94.38,94.72,94.136,94.651,94.596,93.608,92.336,91.021,89.842,93.235,93.422,93.223,93.662,78.779
174894,North Charleston,SC,4550875,16700,"Charleston-North Charleston, SC","Charleston-North Charleston, SC (Metropolitan Statistical Area)",3,97.435,97.342,97.752,99.44,100.333,99.628,99.823,100.055,99.722,99.237,98.309,98.185,98.015,99.155,99.105,101.098,100.962,110.874
184196,Sioux Falls,SD,4659020,43620,"Sioux Falls, SD-MN","Sioux Falls, SD-MN (Metropolitan Statistical Area)",2,94.443,92.789,95.497,93.39,94.11,93.846,94.393,93.095,93.455,91.382,94.876,95.209,93.763,92.997,90.009,90.091,90.631,76.624
191559,Chattanooga,TN,4714000,16860,"Chattanooga, TN-GA","Chattanooga, TN-GA (Metropolitan Statistical Area)",1,92.211,91.617,93.801,93.647,94.42,93.398,93.473,93.588,93.771,94.107,89.36,91.263,90.056,89.984,92.536,92.35,91.464,79.592
184266,Clarksville,TN,4715160,17300,"Clarksville, TN-KY","Clarksville, TN-KY (Metropolitan Statistical Area)",1,90.503,90.043,91.408,93.82,92.981,92.81,92.337,92.461,93.589,92.113,88.588,89.452,88.761,90.379,91.071,91.653,90.947,73.906
175780,Knoxville,TN,4740000,28940,"Knoxville, TN","Knoxville, TN (Metropolitan Statistical Area)",1,92.009,91.383,93.159,93.911,94.719,93.413,92.925,92.828,93.707,93.172,88.94,90.751,89.32,89.926,91.24,92.234,92.569,73.575
175826,Memphis,TN,4748000,32820,"Memphis, TN-MS-AR","Memphis, TN-MS-AR (Metropolitan Statistical Area)",1,94.19,92.737,94.724,94.989,95.004,94.715,94.595,94.216,95.249,94.197,89.558,91.311,90.337,90.292,91.812,91.947,92.179,76.377
209519,Murfreesboro,TN,4751560,34980,"Nashville-Davidson--Murfreesboro--Franklin, TN","Nashville-Davidson--Murfreesboro--Franklin, TN (Metropolitan Statistical Area)",1,95.693,95.178,96.685,97.023,97.353,97.562,97.284,97.25,99.306,98.5,93.962,95.783,95.927,95.193,96.542,97.024,96.338,105.305
175728,Nashville-Davidson County Metropolitan Government,TN,4752004,34980,"Nashville-Davidson--Murfreesboro--Franklin, TN","Nashville-Davidson--Murfreesboro--Franklin, TN (Metropolitan Statistical Area)",0,95.693,95.178,96.685,97.023,97.353,97.562,97.284,97.25,99.306,98.5,93.962,95.783,95.927,95.193,96.542,97.024,96.338,105.305
176386,Abilene,TX,4801000,10180,"Abilene, TX","Abilene, TX (Metropolitan Statistical Area)",2,92.197,89.43,93.042,92.515,94.103,92.538,94.59,92.881,93.297,93.741,92.266,92.419,90.292,91.675,91.526,90.394,90.364,75.389
209555,Allen,TX,4801924,19100,"Dallas-Fort Worth-Arlington, TX","Dallas-Fort Worth-Arlington, TX (Metropolitan Statistical Area)",1,101.355,101.524,101.299,100.229,100.776,101.045,100.237,99.117,98.038,99.65,101.116,103.4,104.526,103.964,103.412,102.49,103.09,116.267
194809,Amarillo,TX,4803000,11100,"Amarillo, TX","Amarillo, TX (Metropolitan Statistical Area)",2,95.81,93.544,95.021,96.413,96.178,96.482,96.336,97.002,97.211,96.142,93.214,94.149,94.477,93.486,91.54,91.375,91.82,74.701
194811,Arlington,TX,4804000,19100,"Dallas-Fort Worth-Arlington, TX","Dallas-Fort Worth-Arlington, TX (Metropolitan Statistical Area)",1,101.355,101.524,101.299,100.229,100.776,101.045,100.237,99.117,98.038,99.65,101.116,103.4,104.526,103.964,103.412,102.49,103.09,116.267
176394,Austin,TX,4805000,12420,"Austin-Round Rock-San Marcos, TX","Austin-Round Rock-San Marcos, TX (Metropolitan Statistical Area)",4,99.589,98.887,99.762,100.311,100.945,100.777,101.366,101.555,102.567,101.754,99.017,99.36,101.109,99.973,98.81,98.276,98.066,126.349
194812,Beaumont,TX,4807000,13140,"Beaumont-Port Arthur, TX","Beaumont-Port Arthur, TX (Metropolitan Statistical Area)",1,93.4,91.498,92.703,94.733,93.343,94.441,94.516,92.707,94.763,92.363,91.609,92.355,90.143,92.986,91.079,90.79,90.046,72.532
176022,Brownsville,TX,4810768,15180,"Brownsville-Harlingen, TX","Brownsville-Harlingen, TX (Metropolitan Statistical Area)",1,85.04,86.196,87.056,89.579,89.232,87.598,87.899,88.366,89.545,87.982,85.129,87.678,85.013,87.841,85.11,85.699,85.975,54.313
135130,Carrollton,TX,4813024,19100,"Dallas-Fort Worth-Arlington, TX","Dallas-Fort Worth-Arlington, TX (Metropolitan Statistical Area)",3,101.355,101.524,101.299,100.229,100.776,101.045,100.237,99.117,98.038,99.65,101.116,103.4,104.526,103.964,103.412,102.49,103.09,116.267
194814,College Station,TX,4815976,17780,"College Station-Bryan, TX","College Station-Bryan, TX (Metropolitan Statistical Area)",1,95.133,94.318,95.857,95.565,96.451,95.228,95.469,95.949,96.439,94.623,94.627,94.475,95.13,94.885,92.429,91.26,90.951,79.855
187683,Conroe,TX,4816432,26420,"Houston-Pasadena-The Woodlands, TX","Houston-Pasadena-The Woodlands, TX (Metropolitan Statistical Area)",1,99.448,100.557,101.004,98.658,100.05,101.105,102.212,103.107,102.355,100.024,101.904,101.405,99.965,99.724,98.772,99.734,98.629,107.833
176325,Corpus Christi,TX,4817000,18580,"Corpus Christi, TX","Corpus Christi, TX (Metropolitan Statistical Area)",4,95.598,92.063,95.326,94.68,95.052,96.915,96.143,95.942,96.881,96.186,93.8,94.572,94.92,94.309,93.325,91.714,92.671,85.702
187649,Dallas,TX,4819000,19100,"Dallas-Fort Worth-Arlington, TX","Dallas-Fort Worth-Arlington, TX (Metropolitan Statistical Area)",5,101.355,101.524,101.299,100.229,100.776,101.045,100.237,99.117,98.038,99.65,101.116,103.4,104.526,103.964,103.412,102.49,103.09,116.267
209562,Denton,TX,4819972,19100,"Dallas-Fort Worth-Arlington, TX","Dallas-Fort Worth-Arlington, TX (Metropolitan Statistical Area)",1,101.355,101.524,101.299,100.229,100.776,101.045,100.237,99.117,98.038,99.65,101.116,103.4,104.526,103.964,103.412,102.49,103.09,116.267
113634,Edinburg,TX,4822660,32580,"McAllen-Edinburg-Mission, TX","McAllen-Edinburg-Mission, TX (Metropolitan Statistical Area)",1,86.852,86.332,87.756,88.004,89.157,88.281,89.12,89.435,89.814,89.269,86.771,86.826,88.025,87.234,86.642,86.075,85.895,57.626
176118,El Paso,TX,4824000,21340,"El Paso, TX","El Paso, TX (Metropolitan Statistical Area)",1,92.494,92.696,94.625,95.785,95.591,94.777,94.114,94.002,95.186,94.71,91.424,91.643,92.722,92.811,90.955,90.785,89.912,73.371
176375,Fort Worth,TX,4827000,19100,"Dallas-Fort Worth-Arlington, TX","Dallas-Fort Worth-Arlington, TX (Metropolitan Statistical Area)",5,101.355,101.524,101.299,100.229,100.776,101.045,100.237,99.117,98.038,99.65,101.116,103.4,104.526,103.964,103.412,102.49,103.09,116.267
194820,Frisco,TX,4827684,19100,"Dallas-Fort Worth-Arlington, TX","Dallas-Fort Worth-Arlington, TX (Metropolitan Statistical Area)",2,101.355,101.524,101.299,100.229,100.776,101.045,100.237,99.117,98.038,99.65,101.116,103.4,104.526,103.964,103.412,102.49,103.09,116.267
212231,Garland,TX,4829000,19100,"Dallas-Fort Worth-Arlington, TX","Dallas-Fort Worth-Arlington, TX (Metropolitan Statistical Area)",3,101.355,101.524,101.299,100.229,100.776,101.045,100.237,99.117,98.038,99.65,101.116,103.4,104.526,103.964,103.412,102.49,103.09,116.267
194823,Grand Prairie,TX,4830464,19100,"Dallas-Fort Worth-Arlington, TX","Dallas-Fort Worth-Arlington, TX (Metropolitan Statistical Area)",3,101.355,101.524,101.299,100.229,100.776,101.045,100.237,99.117,98.038,99.65,101.116,103.4,104.526,103.964,103.412,102.49,103.09,116.267
176169,Houston,TX,4835000,26420,"Houston-Pasadena-The Woodlands, TX","Houston-Pasadena-The Woodlands, TX (Metropolitan Statistical Area)",4,99.448,100.557,101.004,98.658,100.05,101.105,102.212,103.107,102.355,100.024,101.904,101.405,99.965,99.724,98.772,99.734,98.629,107.833
176079,Irving,TX,4837000,19100,"Dallas-Fort Worth-Arlington, TX","Dallas-Fort Worth-Arlington, TX (Metropolitan Statistical Area)",1,101.355,101.524,101.299,100.229,100.776,101.045,100.237,99.117,98.038,99.65,101.116,103.4,104.526,103.964,103.412,102.49,103.09,116.267
175981,Killeen,TX,4839148,28660,"Killeen-Temple, TX","Killeen-Temple, TX (Metropolitan Statistical Area)",1,94.473,91.997,94.267,95.34,94.108,95.128,95.259,94.581,95.173,94.139,91.93,91.975,91.92,93.266,91.395,92.334,91.132,74.633
135293,Laredo,TX,4841464,29700,"Laredo, TX","Laredo, TX (Metropolitan Statistical Area)",1,91.557,90.01,91.011,92.036,92.446,91.627,93.282,94.051,93.656,90.644,90.605,90.775,91.657,89.506,90.075,88.321,86.956,69.684
176142,League,TX,4841980,26420,"Houston-Pasadena-The Woodlands, TX","Houston-Pasadena-The Woodlands, TX (Metropolitan Statistical Area)",2,99.448,100.557,101.004,98.658,100.05,101.105,102.212,103.107,102.355,100.024,101.904,101.405,99.965,99.724,98.772,99.734,98.629,107.833
202617,Lewisville,TX,4842508,19100,"Dallas-Fort Worth-Arlington, TX","Dallas-Fort Worth-Arlington, TX (Metropolitan Statistical Area)",2,101.355,101.524,101.299,100.229,100.776,101.045,100.237,99.117,98.038,99.65,101.116,103.4,104.526,103.964,103.412,102.49,103.09,116.267
212233,Lubbock,TX,4845000,31180,"Lubbock, TX","Lubbock, TX (Metropolitan Statistical Area)",1,94.635,93.143,95.427,95.041,94.851,95.404,94.987,95.936,95.697,94.706,91.91,92.858,93.971,93.181,91.218,90.99,91.317,72.513
205460,Mcallen,TX,4845384,32580,"McAllen-Edinburg-Mission, TX","McAllen-Edinburg-Mission, TX (Metropolitan Statistical Area)",1,86.852,86.332,87.756,88.004,89.157,88.281,89.12,89.435,89.814,89.269,86.771,86.826,88.025,87.234,86.642,86.075,85.895,57.626
187646,Mckinney,TX,4845744,19100,"Dallas-Fort Worth-Arlington, TX","Dallas-Fort Worth-Arlington, TX (Metropolitan Statistical Area)",1,101.355,101.524,101.299,100.229,100.776,101.045,100.237,99.117,98.038,99.65,101.116,103.4,104.526,103.964,103.412,102.49,103.09,116.267
135132,Mesquite,TX,4847892,19100,"Dallas-Fort Worth-Arlington, TX","Dallas-Fort Worth-Arlington, TX (Metropolitan Statistical Area)",2,101.355,101.524,101.299,100.229,100.776,101.045,100.237,99.117,98.038,99.65,101.116,103.4,104.526,103.964,103.412,102.49,103.09,116.267
194825,Midland,TX,4848072,33260,"Midland, TX","Midland, TX (Metropolitan Statistical Area)",2,96.511,96.239,98.643,101.138,100.325,101.53,103.245,104.271,102.635,100.572,99.804,100.504,95.828,97.715,95.905,95.383,95.783,101.237
176060,New Braunfels,TX,4850820,41700,"San Antonio-New Braunfels, TX","San Antonio-New Braunfels, TX (Metropolitan Statistical Area)",2,96.107,95.132,96.42,96.621,97.423,97.447,97.716,97.452,98.267,97.14,95.527,95.753,96.784,96.181,95.006,94.328,94.716,94.593
176107,Odessa,TX,4853388,36220,"Odessa, TX","Odessa, TX (Metropolitan Statistical Area)",2,96.419,94.187,96.347,98.622,97.925,99.983,101.251,99.333,99.071,98.434,96.907,98.079,99.149,96.339,94.052,92.638,93.896,88.267
205455,Pasadena,TX,4856000,26420,"Houston-Pasadena-The Woodlands, TX","Houston-Pasadena-The Woodlands, TX (Metropolitan Statistical Area)",1,99.448,100.557,101.004,98.658,100.05,101.105,102.212,103.107,102.355,100.024,101.904,101.405,99.965,99.724,98.772,99.734,98.629,107.833
135095,Pearland,TX,4856348,26420,"Houston-Pasadena-The Woodlands, TX","Houston-Pasadena-The Woodlands, TX (Metropolitan Statistical Area)",3,99.448,100.557,101.004,98.658,100.05,101.105,102.212,103.107,102.355,100.024,101.904,101.405,99.965,99.724,98.772,99.734,98.629,107.833
176053,Plano,TX,4858016,19100,"Dallas-Fort Worth-Arlington, TX","Dallas-Fort Worth-Arlington, TX (Metropolitan Statistical Area)",2,101.355,101.524,101.299,100.229,100.776,101.045,100.237,99.117,98.038,99.65,101.116,103.4,104.526,103.964,103.412,102.49,103.09,116.267
212234,Richardson,TX,4861796,19100,"Dallas-Fort Worth-Arlington, TX","Dallas-Fort Worth-Arlington, TX (Metropolitan Statistical Area)",2,101.355,101.524,101.299,100.229,100.776,101.045,100.237,99.117,98.038,99.65,101.116,103.4,104.526,103.964,103.412,102.49,103.09,116.267
135298,Round Rock,TX,4863500,12420,"Austin-Round Rock-San Marcos, TX","Austin-Round Rock-San Marcos, TX (Metropolitan Statistical Area)",2,99.589,98.887,99.762,100.311,100.945,100.777,101.366,101.555,102.567,101.754,99.017,99.36,101.109,99.973,98.81,98.276,98.066,126.349
135285,San Angelo,TX,4864472,41660,"San Angelo, TX","San Angelo, TX (Metropolitan Statistical Area)",1,91.567,93.349,93.165,94.049,96.112,95.403,96.837,97.5,96.389,95.209,94.187,93.764,95.086,91.729,92.561,91.465,92.453,81.004
175988,San Antonio,TX,4865000,41700,"San Antonio-New Braunfels, TX","San Antonio-New Braunfels, TX (Metropolitan Statistical Area)",3,96.107,95.132,96.42,96.621,97.423,97.447,97.716,97.452,98.267,97.14,95.527,95.753,96.784,96.181,95.006,94.328,94.716,94.593
176132,Sugar Land,TX,4870808,26420,"Houston-Pasadena-The Woodlands, TX","Houston-Pasadena-The Woodlands, TX (Metropolitan Statistical Area)",1,99.448,100.557,101.004,98.658,100.05,101.105,102.212,103.107,102.355,100.024,101.904,101.405,99.965,99.724,98.772,99.734,98.629,107.833
135275,Tyler,TX,4874144,46340,"Tyler, TX","Tyler, TX (Metropolitan Statistical Area)",1,95.932,95.368,97.409,96.76,95.865,97.606,95.469,96.687,96.97,95.184,93.415,94.492,95.392,94.502,92.048,92.965,92.156,77.418
176286,Waco,TX,4876000,47380,"Waco, TX","Waco, TX (Metropolitan Statistical Area)",1,93.505,91.946,93.025,93.418,94.737,93.126,94.201,94.619,94.167,93.247,91.816,92.295,93.381,94.064,92.862,91.135,92.55,82.884
135295,Wichita Falls,TX,4879000,48660,"Wichita Falls, TX","Wichita Falls, TX (Metropolitan Statistical Area)",1,93.531,90.827,91.923,94.137,93.958,93.208,94.446,93.613,92.954,91.818,88.536,89.699,92.54,90.712,88.434,89.474,89.513,61.563
176517,Provo,UT,4962470,39340,"Provo-Orem-Lehi, UT","Provo-Orem-Lehi, UT (Metropolitan Statistical Area)",1,97.143,102.278,98.932,100.846,100.387,99.967,98.112,97.764,97.025,99.269,96.667,98.243,94.803,95.707,94.911,95.741,98.232,108.928
176492,Salt Lake,UT,4967000,41620,"Salt Lake City-Murray, UT","Salt Lake City-Murray, UT (Metropolitan Statistical Area)",1,98.475,101.99,99.186,102.655,102.162,100.944,100.287,99.128,98.301,100.497,97.848,99.641,97.27,96.115,95.848,97.145,100.868,116.54
184202,St George,UT,4965330,41100,"St. George, UT","St. George, UT (Metropolitan Statistical Area)",1,98.539,93.687,94.517,93.822,96.42,95.079,94.279,98.23,99.177,99.023,94.771,95.421,95.857,94.074,94.9,96.734,97.321,106.678
114311,West Jordan,UT,4982950,41620,"Salt Lake City-Murray, UT","Salt Lake City-Murray, UT (Metropolitan Statistical Area)",1,98.475,101.99,99.186,102.655,102.162,100.944,100.287,99.128,98.301,100.497,97.848,99.641,97.27,96.115,95.848,97.145,100.868,116.54
176495,West Valley,UT,4983470,41620,"Salt Lake City-Murray, UT","Salt Lake City-Murray, UT (Metropolitan Statistical Area)",1,98.475,101.99,99.186,102.655,102.162,100.944,100.287,99.128,98.301,100.497,97.848,99.641,97.27,96.115,95.848,97.145,100.868,116.54
209712,Alexandria,VA,5101000,47900,"Washington-Arlington-Alexandria, DC-VA-MD-WV","Washington-Arlington-Alexandria, DC-VA-MD-WV (Metropolitan Statistical Area)",1,114.766,114.975,114.594,113.465,111.694,113.893,113.707,113.707,112.096,109.828,111.221,109.752,111.438,111.564,111.207,109.543,108.884,157.096
114563,Chesapeake,VA,5116000,47260,"Virginia Beach-Chesapeake-Norfolk, VA-NC","Virginia Beach-Chesapeake-Norfolk, VA-NC (Metropolitan Statistical Area)",1,100.066,99.186,100.927,101.346,100.142,99.749,100.082,100.214,100.986,99.094,97.87,95.534,95.585,97.868,97.905,97.722,97.941,99.943
136056,Hampton,VA,5135000,47260,"Virginia Beach-Chesapeake-Norfolk, VA-NC","Virginia Beach-Chesapeake-Norfolk, VA-NC (Metropolitan Statistical Area)",1,100.066,99.186,100.927,101.346,100.142,99.749,100.082,100.214,100.986,99.094,97.87,95.534,95.585,97.868,97.905,97.722,97.941,99.943
176784,Newport News,VA,5156000,47260,"Virginia Beach-Chesapeake-Norfolk, VA-NC","Virginia Beach-Chesapeake-Norfolk, VA-NC (Metropolitan Statistical Area)",1,100.066,99.186,100.927,101.346,100.142,99.749,100.082,100.214,100.986,99.094,97.87,95.534,95.585,97.868,97.905,97.722,97.941,99.943
136057,Norfolk,VA,5157000,47260,"Virginia Beach-Chesapeake-Norfolk, VA-NC","Virginia Beach-Chesapeake-Norfolk, VA-NC (Metropolitan Statistical Area)",1,100.066,99.186,100.927,101.346,100.142,99.749,100.082,100.214,100.986,99.094,97.87,95.534,95.585,97.868,97.905,97.722,97.941,99.943
194178,Richmond,VA,5167000,40060,"Richmond, VA","Richmond, VA (Metropolitan Statistical Area)",1,98.11,97.478,98.597,99.398,98.61,98.307,98.539,98.873,99.326,97.802,97.136,95.185,95.895,97.968,97.626,98.337,97.858,98.056
202751,Virginia Beach,VA,5182000,47260,"Virginia Beach-Chesapeake-Norfolk, VA-NC","Virginia Beach-Chesapeake-Norfolk, VA-NC (Metropolitan Statistical Area)",1,100.066,99.186,100.927,101.346,100.142,99.749,100.082,100.214,100.986,99.094,97.87,95.534,95.585,97.868,97.905,97.722,97.941,99.943
114624,Bellevue,WA,5305210,42660,"Seattle-Tacoma-Bellevue, WA","Seattle-Tacoma-Bellevue, WA (Metropolitan Statistical Area)",1,109.115,108.461,106.428,106.098,105.318,105.173,107.483,107.932,110.155,112.085,110.462,112.458,113.029,114.481,114.02,112.731,111.133,154.728
176873,Everett,WA,5322640,42660,"Seattle-Tacoma-Bellevue, WA","Seattle-Tacoma-Bellevue, WA (Metropolitan Statistical Area)",1,109.115,108.461,106.428,106.098,105.318,105.173,107.483,107.932,110.155,112.085,110.462,112.458,113.029,114.481,114.02,112.731,111.133,154.728
205590,Kent,WA,5335415,42660,"Seattle-Tacoma-Bellevue, WA","Seattle-Tacoma-Bellevue, WA (Metropolitan Statistical Area)",1,109.115,108.461,106.428,106.098,105.318,105.173,107.483,107.932,110.155,112.085,110.462,112.458,113.029,114.481,114.02,112.731,111.133,154.728
136110,Renton,WA,5357745,42660,"Seattle-Tacoma-Bellevue, WA","Seattle-Tacoma-Bellevue, WA (Metropolitan Statistical Area)",1,109.115,108.461,106.428,106.098,105.318,105.173,107.483,107.932,110.155,112.085,110.462,112.458,113.029,114.481,114.02,112.731,111.133,154.728
184255,Seattle,WA,5363000,42660,"Seattle-Tacoma-Bellevue, WA","Seattle-Tacoma-Bellevue, WA (Metropolitan Statistical Area)",1,109.115,108.461,106.428,106.098,105.318,105.173,107.483,107.932,110.155,112.085,110.462,112.458,113.029,114.481,114.02,112.731,111.133,154.728
205599,Spokane,WA,5367000,44060,"Spokane-Spokane Valley, WA","Spokane-Spokane Valley, WA (Metropolitan Statistical Area)",1,95.254,98.145,96.761,97.026,97.876,97.539,96.737,96.205,96.14,97.182,100.186,99.352,98.57,98.677,102.585,100.925,100.346,92.094
213591,Spokane Valley,WA,5367167,44060,"Spokane-Spokane Valley, WA","Spokane-Spokane Valley, WA (Metropolitan Statistical Area)",1,95.254,98.145,96.761,97.026,97.876,97.539,96.737,96.205,96.14,97.182,100.186,99.352,98.57,98.677,102.585,100.925,100.346,92.094
176868,Tacoma,WA,5370000,42660,"Seattle-Tacoma-Bellevue, WA","Seattle-Tacoma-Bellevue, WA (Metropolitan Statistical Area)",1,109.115,108.461,106.428,106.098,105.318,105.173,107.483,107.932,110.155,112.085,110.462,112.458,113.029,114.481,114.02,112.731,111.133,154.728
176816,Vancouver,WA,5374060,38900,"Portland-Vancouver-Hillsboro, OR-WA","Portland-Vancouver-Hillsboro, OR-WA (Metropolitan Statistical Area)",1,98.729,102.304,101.594,101.855,104.34,103.045,102.134,103.69,101.545,103.751,107.267,106.44,105.831,105.407,108.833,106.714,105.421,128.413
177090,Green Bay,WI,5531000,24580,"Green Bay, WI","Green Bay, WI (Metropolitan Statistical Area)",1,94.648,94.401,95.14,92.897,92.909,93.512,92.692,91.211,92.031,91.426,93.428,92.39,92.056,92.326,90.516,92.195,93.086,68.837
209777,Madison,WI,5548000,31540,"Madison, WI","Madison, WI (Metropolitan Statistical Area)",1,98.117,98.609,98.72,96.812,97.355,97.762,98.137,95.938,95.871,95.647,98.255,98.097,95.868,96.645,95.534,95.934,97.287,98.986
136562,Milwaukee,WI,5553000,33340,"Milwaukee-Waukesha, WI","Milwaukee-Waukesha, WI (Metropolitan Statistical Area)",3,97.714,98.737,97.5,96.313,97.592,97.164,97.11,97.927,99.089,100.842,95.962,97.566,95.744,95.566,95.122,95.672,96.937,95.64
