pid,census_raw_id,city,state,fips_place,fiscal_year,population,population_year,full_census_year,total_expenditure_usd,general_expenditure_usd,direct_general_expenditure_usd,general_ex_education_usd,education_usd,county_like_functions_usd,police_usd,police_current_ops_usd,police_capital_usd,fire_usd,fire_current_ops_usd,fire_capital_usd,police_intergov_usd,fire_intergov_usd,enterprise_usd,health_usd,core_municipal_expenditure_usd,police_flags,fire_flags,unit_imputed_share,n_items,record_complete,police_pct_general,police_pct_total,police_pct_general_ex_edu,police_pct_core,fire_pct_general,fire_pct_total,fire_pct_general_ex_edu,fire_pct_core,police_fire_pct_general,police_fire_pct_total,police_fire_pct_general_ex_edu,police_fire_pct_core
194805,362061194805,New York,NY,51000,2022,8253213,2022,True,141420548000,128472440000,120100243000,88932990000,39539450000,22224457000,5867693000,5726358000,141335000,2572675000,2475973000,96702000,0,0,0,2132606000,64575927000,AR,AR,0.0,94,True,4.57,4.15,6.6,9.09,2.0,1.82,2.89,3.98,6.57,5.97,9.49,13.07
161174,062037161174,Los Angeles,CA,44000,2022,3970219,2022,True,20821985000,14018584000,13740201000,14018584000,0,1073000,2972025000,2913863000,58162000,810245000,788225000,22020000,0,0,2108331000,458506000,11450674000,R,R,0.0,78,True,21.2,14.27,21.2,25.96,5.78,3.89,5.78,7.08,26.98,18.16,26.98,33.03
162236,172031162236,Chicago,IL,14000,2022,2677643,2022,True,12203210000,11685582000,11685582000,11685582000,0,392496000,1656603000,1646054000,10549000,671018000,659287000,11731000,0,0,1596145000,364581000,9332360000,R,R,0.198,75,True,14.18,13.58,14.18,17.75,5.74,5.5,5.74,7.19,19.92,19.07,19.92,24.94
176169,482201176169,Houston,TX,35000,2022,2316120,2022,True,5869033000,5328529000,5289005000,5328529000,0,0,980472000,957226000,23246000,517026000,496293000,20733000,0,0,588807000,238978000,4500744000,R,R,0.0,73,True,18.4,16.71,18.4,21.78,9.7,8.81,9.7,11.49,28.1,25.52,28.1,33.27
207536,042013207536,Phoenix,AZ,55000,2022,1708127,2022,True,4083135000,3015954000,3007113000,2981899000,34055000,18964000,547806000,529845000,17961000,361015000,329538000,31477000,0,0,610572000,2327000,2350036000,R,R,0.0,79,True,18.16,13.42,18.37,23.31,11.97,8.84,12.11,15.36,30.13,22.26,30.48,38.67
133602,422101133602,Philadelphia,PA,60000,2022,1578487,2022,True,10597763000,9671443000,9281711000,9671443000,0,575403000,783933000,776684000,7249000,344950000,343110000,1840000,0,0,402161000,2206934000,6486945000,R,R,0.0,69,True,8.11,7.4,8.11,12.08,3.57,3.25,3.57,5.32,11.67,10.65,11.67,17.4
175988,482029175988,San Antonio,TX,65000,2022,1567118,2022,True,6226473000,2950103000,2950045000,2857050000,93053000,137873000,492530000,490462000,2068000,342986000,340364000,2622000,0,0,83751000,83376000,2552050000,R,R,0.0,92,True,16.7,7.91,17.24,19.3,11.63,5.51,12.0,13.44,28.32,13.42,29.24,32.74
207598,062073207598,San Diego,CA,66000,2022,1422420,2022,True,5172166000,4496818000,4496818000,4496818000,0,0,629133000,613945000,15188000,323179000,323179000,0,0,0,6190000,16835000,4473793000,R,R,0.0,58,True,13.99,12.16,13.99,14.06,7.19,6.25,7.19,7.22,21.18,18.41,21.18,21.29
187649,482113187649,Dallas,TX,19000,2022,1343266,2022,True,4600332000,4203246000,4186163000,4203246000,0,22609000,593912000,589799000,4113000,386707000,361569000,25138000,0,0,1227442000,41490000,2911705000,R,R,0.0,81,True,14.13,12.91,14.13,20.4,9.2,8.41,9.2,13.28,23.33,21.32,23.33,33.68
100745,062085100745,San Jose,CA,68000,2022,1013616,2022,True,2813389000,2429811000,2429811000,2429811000,0,0,510819000,471752000,39067000,259968000,259968000,0,0,0,127041000,200000,2302570000,R,R,0.0,54,True,21.02,18.16,21.02,22.18,10.7,9.24,10.7,11.29,31.72,27.4,31.72,33.48
176394,482453176394,Austin,TX,05000,2022,995484,2022,True,4908621000,2893964000,2893964000,2893964000,0,0,445407000,444010000,1397000,239018000,215046000,23972000,0,0,187476000,193536000,2512952000,I,I,1.0,69,True,15.39,9.07,15.39,17.72,8.26,4.87,8.26,9.51,23.65,13.94,23.65,27.24
183701,152003183701,Honolulu And County,HI,17000,2022,963826,2022,True,3485744000,2419376000,2416076000,2419376000,0,14676000,302960000,291820000,11140000,144323000,133564000,10759000,0,0,0,40124000,2364576000,R,R,0.0,72,True,12.52,8.69,12.52,12.81,5.97,4.14,5.97,6.1,18.49,12.83,18.49,18.92
176375,482439176375,Fort Worth,TX,27000,2022,927720,2022,True,2036775000,1732238000,1732238000,1732238000,0,0,361883000,343306000,18577000,186944000,186944000,0,0,0,23540000,64956000,1643742000,R,R,0.0,54,True,20.89,17.77,20.89,22.02,10.79,9.18,10.79,11.37,31.68,26.95,31.68,33.39
101942,122031101942,Jacksonville,FL,35000,2022,920570,2022,True,4746767000,2992998000,2992998000,2992998000,0,6408000,501617000,497939000,3678000,213893000,204970000,8923000,0,0,112432000,114539000,2759619000,R,R,0.0,75,True,16.76,10.57,16.76,18.18,7.15,4.51,7.15,7.75,23.91,15.07,23.91,25.93
209050,392049209050,Columbus,OH,18000,2022,903852,2022,True,2389563000,2079583000,2079583000,2068246000,11337000,483000,356502000,355327000,1175000,283049000,277108000,5941000,0,0,0,69953000,1997810000,R,R,0.0,64,True,17.14,14.92,17.24,17.84,13.61,11.85,13.69,14.17,30.75,26.76,30.92,32.01
194726,372119194726,Charlotte,NC,12000,2022,900350,2022,True,2937673000,2227317000,2224878000,2227317000,0,397000,330419000,312088000,18331000,160981000,152279000,8702000,0,0,464670000,9729000,1752521000,R,R,0.0,68,True,14.83,11.25,14.83,18.85,7.23,5.48,7.23,9.19,22.06,16.73,22.06,28.04
207957,182097207957,Indianapolis,IN,36003,2022,877903,2022,True,4449275000,3696005000,3695719000,3696005000,0,1646394000,240723000,235925000,4798000,156067000,150904000,5163000,0,0,139697000,225654000,1684260000,IR,I,0.884,69,True,6.51,5.41,6.51,14.29,4.22,3.51,4.22,9.27,10.74,8.92,10.74,23.56
161258,062075161258,San Francisco And County,CA,67000,2022,866606,2022,True,17261362000,14497391000,14496021000,14497391000,0,3132514000,770884000,728015000,42869000,494185000,454709000,39476000,0,0,858085000,2785479000,7721313000,R,R,0.0,77,True,5.32,4.47,5.32,9.98,3.41,2.86,3.41,6.4,8.73,7.33,8.73,16.38
184255,532033184255,Seattle,WA,63000,2022,769714,2022,True,4574277000,3191570000,3005283000,3084240000,107330000,172269000,269267000,265749000,3518000,241863000,233160000,8703000,0,0,0,17909000,2894062000,R,R,0.0,75,True,8.44,5.89,8.73,9.3,7.58,5.29,7.84,8.36,16.02,11.17,16.57,17.66
165866,212111165866,Louisville-Jefferson County Metro Government,KY,48003,2022,767452,2022,True,2729048000,2221905000,2161079000,2140493000,81412000,55661000,207627000,199759000,7868000,77704000,77046000,658000,0,0,136766000,141006000,1807060000,R,R,0.0,77,True,9.34,7.61,9.7,11.49,3.5,2.85,3.63,4.3,12.84,10.46,13.33,15.79
194647,082031194647,Denver And County,CO,20000,2022,735538,2022,True,5411465000,4850117000,4655507000,4850117000,0,343232000,262038000,253250000,8788000,124557000,123845000,712000,0,0,1405436000,112201000,2989248000,R,R,0.0,81,True,5.4,4.84,5.4,8.77,2.57,2.3,2.57,4.17,7.97,7.14,7.97,12.93
124214,112001124214,Washington Dc,DC,50000,2022,712816,2022,True,20546778000,20134366000,19296931000,16306943000,3827423000,5876378000,672157000,644373000,27784000,379189000,355911000,23278000,0,0,0,999819000,9430746000,R,R,0.0,109,True,3.34,3.27,4.12,7.13,1.88,1.85,2.33,4.02,5.22,5.12,6.45,11.15
175728,472037175728,Nashville-Davidson County Metropolitan Government,TN,52004,2022,694176,2022,True,5472310000,3825403000,3756257000,2479422000,1345981000,328227000,273023000,263907000,9116000,162314000,156969000,5345000,0,0,0,97956000,2053239000,R,R,0.0,82,True,7.14,4.99,11.01,13.3,4.24,2.97,6.55,7.91,11.38,7.96,17.56,21.2
128108,252025128108,Boston,MA,07000,2022,691531,2022,True,5612923000,5549608000,5204392000,3512246000,2037362000,370054000,441749000,432343000,9406000,289514000,289514000,0,0,0,0,29559000,3112633000,R,R,0.0,65,True,7.96,7.87,12.58,14.19,5.22,5.16,8.24,9.3,13.18,13.03,20.82,23.49
176118,482141176118,El Paso,TX,24000,2022,681534,2022,True,1284998000,1011615000,1011615000,1011615000,0,1527000,147397000,144069000,3328000,157349000,146882000,10467000,0,0,39555000,41513000,929020000,R,R,0.0,75,True,14.57,11.47,14.57,15.87,15.55,12.25,15.55,16.94,30.12,23.72,30.12,32.8
166817,262163166817,Detroit,MI,22000,2022,665369,2022,True,2563742000,2213306000,2213306000,2213306000,0,0,332420000,332420000,0,137094000,137094000,0,0,0,3400000,86997000,2122909000,R,R,0.0,61,True,15.02,12.97,15.02,15.66,6.19,5.35,6.19,6.46,21.21,18.31,21.21,22.12
169988,322003169988,Las Vegas,NV,40000,2022,662368,2022,True,1042300000,1042300000,889596000,1042300000,0,60076000,18037000,17392000,645000,161629000,157075000,4554000,0,0,0,17084000,965140000,R,R,0.0,56,True,1.73,1.73,1.73,1.87,15.51,15.51,15.51,16.75,17.24,17.24,17.24,18.62
209170,402109209170,Oklahoma,OK,55000,2022,662314,2022,True,1403497000,1082862000,1082862000,1082862000,0,0,159965000,159421000,544000,141086000,139687000,1399000,0,0,78713000,4981000,999168000,R,R,0.0,67,True,14.77,11.4,14.77,16.01,13.03,10.05,13.03,14.12,27.8,21.45,27.8,30.13
211254,412051211254,Portland,OR,59000,2022,656751,2022,True,2137252000,1875247000,1875247000,1875247000,0,0,214482000,213341000,1141000,146972000,142540000,4432000,0,0,0,5707000,1869540000,R,R,0.0,58,True,11.44,10.04,11.44,11.47,7.84,6.88,7.84,7.86,19.28,16.91,19.28,19.33
175826,472157175826,Memphis,TN,48000,2022,649705,2022,True,3040102000,1428616000,1426014000,1428616000,0,1028000,290805000,279032000,11773000,215210000,205107000,10103000,0,0,1551000,414000,1425623000,R,R,0.539,83,True,20.36,9.57,20.36,20.4,15.06,7.08,15.06,15.1,35.42,16.64,35.42,35.49
136562,552079136562,Milwaukee,WI,53000,2022,589067,2022,True,1364847000,1278256000,1278256000,1278256000,0,9600000,310739000,304040000,6699000,133030000,129556000,3474000,0,0,9631000,48757000,1210268000,R,R,0.0,58,True,24.31,22.77,24.31,25.68,10.41,9.75,10.41,10.99,34.72,32.51,34.72,36.67
208246,242510208246,Baltimore,MD,04000,2022,586131,2022,True,5058822000,4706986000,4684613000,2876825000,1830161000,3065000,464261000,461524000,2737000,351425000,351425000,0,0,0,0,190953000,2682807000,R,R,0.0,74,True,9.86,9.18,16.14,17.31,7.47,6.95,12.22,13.1,17.33,16.12,28.35,30.4
170378,352001170378,Albuquerque,NM,02000,2022,562540,2022,True,1178846000,991123000,989935000,991123000,0,82090000,197029000,197029000,0,82100000,82100000,0,0,0,61606000,34515000,812912000,R,R,0.0,60,True,19.88,16.71,19.88,24.24,8.28,6.96,8.28,10.1,28.16,23.68,28.16,34.34
160840,042019160840,Tucson,AZ,77000,2022,542629,2022,True,1075999000,726877000,726453000,726877000,0,0,283044000,283044000,0,118304000,118304000,0,0,0,51737000,0,675140000,R,R,0.032,50,True,38.94,26.31,38.94,41.92,16.28,10.99,16.28,17.52,55.22,37.3,55.22,59.45
189636,062019189636,Fresno,CA,27000,2022,530267,2022,True,1070814000,873065000,873065000,873065000,0,0,226760000,200991000,25769000,80500000,80500000,0,0,0,22982000,9808000,840275000,R,R,0.002,53,True,25.97,21.18,25.97,26.99,9.22,7.52,9.22,9.58,35.19,28.69,35.19,36.57
100250,042013100250,Mesa,AZ,46000,2022,528159,2022,True,1088263000,811003000,811003000,811003000,0,0,254171000,248803000,5368000,119611000,117084000,2527000,0,0,3995000,39000,806969000,R,R,0.159,61,True,31.34,23.36,31.34,31.5,14.75,10.99,14.75,14.82,46.09,34.35,46.09,46.32
161241,062067161241,Sacramento,CA,64000,2022,512838,2022,True,1943698000,1852871000,1586071000,1852871000,0,5635000,245619000,223345000,22274000,171673000,161715000,9958000,0,0,0,39017000,1808219000,R,R,0.0,63,True,13.26,12.64,13.26,13.58,9.27,8.83,9.27,9.49,22.52,21.47,22.52,23.08
194678,132121194678,Atlanta,GA,04000,2022,512550,2022,True,1763918000,1344750000,1344750000,1344750000,0,35387000,213291000,211643000,1648000,98242000,96361000,1881000,0,0,300446000,1446000,1007471000,R,R,0.0,62,True,15.86,12.09,15.86,21.17,7.31,5.57,7.31,9.75,23.17,17.66,23.17,30.92
186236,292095186236,Kansas,MO,38000,2022,497159,2022,True,2099367000,1975032000,1904363000,1975032000,0,5460000,232817000,232817000,0,218832000,208026000,10806000,0,0,504274000,66730000,1398568000,R,R,0.0,55,True,11.79,11.09,11.79,16.65,11.08,10.42,11.08,15.65,22.87,21.51,22.87,32.29
161362,082041161362,Colorado Springs,CO,16000,2022,482131,2022,True,1624187000,717740000,717705000,717740000,0,0,128771000,128770000,1000,64140000,63183000,957000,0,0,38039000,0,679701000,R,R,0.0,62,True,17.94,7.93,17.94,18.95,8.94,3.95,8.94,9.44,26.88,11.88,26.88,28.38
208698,312055208698,Omaha,NE,37000,2022,478393,2022,True,841274000,841274000,814526000,841274000,0,0,147473000,145814000,1659000,105492000,94108000,11384000,0,0,0,0,841274000,R,R,0.0,44,True,17.53,17.53,17.53,17.53,12.54,12.54,12.54,12.54,30.07,30.07,30.07,30.07
171305,372183171305,Raleigh,NC,55000,2022,474414,2022,True,1060557000,864192000,863519000,864192000,0,0,119431000,118124000,1307000,76676000,70691000,5985000,0,0,0,0,864192000,R,R,0.0,60,True,13.82,11.26,13.82,13.82,8.87,7.23,8.87,8.87,22.69,18.49,22.69,22.69
194757,122086194757,Miami,FL,45000,2022,471525,2022,True,1310736000,1310736000,1310736000,1310736000,0,13870000,281039000,278201000,2838000,189567000,187669000,1898000,0,0,0,0,1296866000,R,R,0.0,53,True,21.44,21.44,21.44,21.67,14.46,14.46,14.46,14.62,35.9,35.9,35.9,36.29
161173,062037161173,Long Beach,CA,43000,2022,454681,2022,True,2572331000,2227309000,2227309000,2227309000,0,0,267842000,266793000,1049000,94940000,94940000,0,0,0,446337000,134115000,1646857000,R,R,0.0,60,True,12.03,10.41,12.03,16.26,4.26,3.69,4.26,5.76,16.29,14.1,16.29,22.03
202751,512810202751,Virginia Beach,VA,82000,2022,451231,2022,True,2220268000,2165404000,2143578000,1190310000,975094000,114149000,115978000,115978000,0,84383000,84383000,0,0,0,0,86996000,989165000,R,R,0.001,70,True,5.36,5.22,9.74,11.72,3.9,3.8,7.09,8.53,9.25,9.02,16.83,20.26
193551,272053193551,Minneapolis,MN,43000,2022,433111,2022,True,1351236000,1222647000,1222647000,1222647000,0,0,169457000,168416000,1041000,73450000,73450000,0,0,0,0,18596000,1204051000,R,R,0.0,49,True,13.86,12.54,13.86,14.07,6.01,5.44,6.01,6.1,19.87,17.98,19.87,20.17
123093,062001123093,Oakland,CA,53000,2022,424891,2022,True,1754798000,1754798000,1754798000,1754798000,0,4148000,321515000,320767000,748000,181587000,181587000,0,0,0,281484000,128854000,1340312000,R,R,0.04,50,True,18.32,18.32,18.32,23.99,10.35,10.35,10.35,13.55,28.67,28.67,28.67,37.54
161633,122057161633,Tampa,FL,71000,2022,407599,2022,True,1436710000,1253368000,1253368000,1253368000,0,0,176247000,173182000,3065000,112219000,110363000,1856000,0,0,0,0,1253368000,R,R,0.0,61,True,14.06,12.27,14.06,14.06,8.95,7.81,8.95,8.95,23.02,20.08,23.02,23.02
212090,402143212090,Tulsa,OK,75000,2022,403166,2022,True,1063390000,920582000,919169000,920582000,0,25813000,127076000,123188000,3888000,92068000,88556000,3512000,0,0,44219000,86570000,763980000,R,R,0.0,64,True,13.8,11.95,13.8,16.63,10.0,8.66,10.0,12.05,23.8,20.61,23.8,28.68
194811,482439194811,Arlington,TX,04000,2022,398864,2022,True,632893000,549359000,549359000,549359000,0,0,107408000,107408000,0,49575000,49575000,0,0,0,1068000,3258000,545033000,R,R,0.0,52,True,19.55,16.97,19.55,19.71,9.02,7.83,9.02,9.1,28.58,24.8,28.58,28.8
201810,202173201810,Wichita,KS,79000,2022,391731,2022,True,494092000,434470000,434470000,434470000,0,343000,98942000,98942000,0,51902000,51902000,0,0,0,20460000,2222000,411445000,R,R,0.0,57,True,22.77,20.03,22.77,24.05,11.95,10.5,11.95,12.61,34.72,30.53,34.72,36.66
166094,222071166094,New Orleans,LA,55000,2022,389476,2022,True,2081178000,1881127000,1881127000,1881127000,0,68620000,175149000,175149000,0,117130000,117130000,0,0,0,112569000,35999000,1663939000,S,S,0.05,64,True,9.31,8.42,9.31,10.53,6.23,5.63,6.23,7.04,15.54,14.04,15.54,17.57
194644,082005194644,Aurora,CO,04000,2022,387377,2022,True,945722000,747676000,721583000,747676000,0,0,127300000,126820000,480000,67644000,65889000,1755000,0,0,0,0,747676000,R,R,0.002,50,True,17.03,13.46,17.03,17.03,9.05,7.15,9.05,9.05,26.07,20.61,26.07,26.07
183825,062029183825,Bakersfield,CA,03526,2022,385725,2022,True,604098000,566267000,566267000,566267000,0,0,130014000,126960000,3054000,53005000,53005000,0,0,0,276000,24770000,541221000,R,R,0.0,44,True,22.96,21.52,22.96,24.02,9.36,8.77,9.36,9.79,32.32,30.3,32.32,33.82
172358,392035172358,Cleveland,OH,16000,2022,378589,2022,True,1258406000,808524000,800755000,808524000,0,4009000,221479000,221479000,0,133811000,133811000,0,0,0,51126000,9113000,744276000,R,R,0.0,57,True,27.39,17.6,27.39,29.76,16.55,10.63,16.55,17.98,43.94,28.23,43.94,47.74
183836,062059183836,Anaheim,CA,02000,2022,353676,2022,True,1150359000,831691000,814110000,831691000,0,0,172784000,169585000,3199000,83983000,82099000,1884000,0,0,0,12832000,818859000,R,R,0.0,56,True,20.78,15.02,20.78,21.1,10.1,7.3,10.1,10.26,30.87,22.32,30.87,31.36
100711,062059100711,Santa Ana,CA,69000,2022,331301,2022,True,1030497000,958047000,824306000,958047000,0,17000,144675000,142145000,2530000,47142000,47026000,116000,0,0,0,10823000,947207000,R,R,0.0,64,True,15.1,14.04,15.1,15.27,4.92,4.57,4.92,4.98,20.02,18.61,20.02,20.25
207594,062065207594,Riverside,CA,62000,2022,330786,2022,True,842972000,471145000,471145000,471145000,0,0,115509000,114112000,1397000,68534000,68534000,0,0,0,1206000,4821000,465118000,R,R,0.0,59,True,24.52,13.7,24.52,24.83,14.55,8.13,14.55,14.73,39.06,21.83,39.06,39.57
169987,322003169987,Henderson,NV,31900,2022,329172,2022,True,590834000,494613000,494613000,494613000,0,25817000,122746000,108709000,14037000,68750000,68041000,709000,0,0,0,0,468796000,R,R,0.0,51,True,24.82,20.78,24.82,26.18,13.9,11.64,13.9,14.67,38.72,32.41,38.72,40.85
176325,482355176325,Corpus Christi,TX,17000,2022,327248,2022,True,718011000,503684000,500590000,503684000,0,1571000,85607000,82766000,2841000,67340000,65122000,2218000,0,0,20230000,6581000,475302000,R,R,0.001,70,True,17.0,11.92,17.0,18.01,13.37,9.38,13.37,14.17,30.37,21.3,30.37,32.18
165831,212067165831,Lexington-Fayette Urban County Government,KY,46027,2022,324735,2022,True,566620000,540242000,540242000,540242000,0,43828000,74047000,65025000,9022000,74037000,70703000,3334000,0,0,14187000,26296000,455931000,R,R,0.0,67,True,13.71,13.07,13.71,16.24,13.7,13.07,13.7,16.24,27.41,26.13,27.41,32.48
211214,062077211214,Stockton,CA,75000,2022,312716,2022,True,539701000,493030000,493030000,493030000,0,0,142585000,137257000,5328000,58950000,58950000,0,0,0,567000,44800000,447663000,R,R,0.0,48,True,28.92,26.42,28.92,31.85,11.96,10.92,11.96,13.17,40.88,37.34,40.88,45.02
167605,272123167605,St Paul,MN,58000,2022,306717,2022,True,849562000,770799000,770799000,770799000,0,0,143993000,142015000,1978000,75038000,73753000,1285000,0,0,20214000,1613000,748972000,R,R,0.0,55,True,18.68,16.95,18.68,19.23,9.74,8.83,9.74,10.02,28.42,25.78,28.42,29.24
191166,392061191166,Cincinnati,OH,15000,2022,304548,2022,True,859819000,657933000,657933000,657933000,0,0,167905000,167626000,279000,76139000,75536000,603000,0,0,525000,58568000,598840000,R,R,0.05,75,True,25.52,19.53,25.52,28.04,11.57,8.86,11.57,12.71,37.09,28.38,37.09,40.75
133470,422003133470,Pittsburgh,PA,61000,2022,299226,2022,True,761746000,761746000,761746000,761746000,0,0,130559000,130559000,0,90470000,90470000,0,0,0,0,31842000,729904000,R,R,0.0,39,True,17.14,17.14,17.14,17.89,11.88,11.88,11.88,12.39,29.02,29.02,29.02,30.28
171207,372081171207,Greensboro,NC,28000,2022,297878,2022,True,725113000,571888000,569908000,571888000,0,0,88401000,87938000,463000,65658000,62493000,3165000,0,0,0,406000,571482000,R,R,0.0,66,True,15.46,12.19,15.46,15.47,11.48,9.05,11.48,11.49,26.94,21.25,26.94,26.96
169159,292510169159,St Louis,MO,65000,2022,297645,2022,True,1189135000,1091034000,1091034000,1091034000,0,42044000,224630000,224630000,0,81272000,81272000,0,0,0,170037000,89004000,789949000,R,R,0.0,57,True,20.59,18.89,20.59,28.44,7.45,6.83,7.45,10.29,28.04,25.72,28.04,38.72
176053,482085176053,Plano,TX,58016,2022,291296,2022,True,671943000,563436000,524424000,563436000,0,0,86737000,85985000,752000,71636000,71538000,98000,0,0,0,4528000,558908000,I,I,1.0,55,True,15.39,12.91,15.39,15.52,12.71,10.66,12.71,12.82,28.11,23.57,28.11,28.34
169646,312109169646,Lincoln,NE,28000,2022,290505,2022,True,534277000,405799000,405799000,405799000,0,13221000,53835000,52901000,934000,34419000,33822000,597000,0,0,0,9188000,383390000,R,R,0.0,59,True,13.27,10.08,13.27,14.04,8.48,6.44,8.48,8.98,21.75,16.52,21.75,23.02
161665,122095161665,Orlando,FL,53000,2022,289457,2022,True,1173121000,1173121000,1173121000,1173121000,0,0,191683000,190144000,1539000,127891000,127184000,707000,0,0,0,0,1173121000,R,R,0.0,52,True,16.34,16.34,16.34,16.34,10.9,10.9,10.9,10.9,27.24,27.24,27.24,27.24
194463,022020194463,Anchorage Municipality,AK,03000,2022,287095,2022,True,1913554000,1830833000,1830833000,1032205000,798628000,2863000,147981000,145392000,2589000,124501000,121912000,2589000,0,0,95759000,122777000,810806000,R,R,0.0,78,True,8.08,7.73,14.34,18.25,6.8,6.51,12.06,15.36,14.88,14.24,26.4,33.61
208963,372063208963,Durham,NC,19000,2022,285897,2022,True,580643000,465015000,465015000,465015000,0,0,78549000,77970000,579000,46538000,43878000,2660000,0,0,13000,0,465002000,R,R,0.0,59,True,16.89,13.53,16.89,16.89,10.01,8.01,10.01,10.01,26.9,21.54,26.9,26.9
161229,062059161229,Irvine,CA,36770,2022,283700,2022,True,579005000,527732000,501637000,527732000,0,27000,93940000,92966000,974000,0,0,0,0,0,0,6223000,521482000,R,-,0.076,47,True,17.8,16.22,17.8,18.01,0.0,0.0,0.0,0.0,17.8,16.22,17.8,18.01
130835,342013130835,Newark,NJ,51000,2022,282520,2022,True,907422000,838088000,837231000,838088000,0,0,160141000,160141000,0,80023000,80023000,0,0,0,0,7425000,830663000,R,R,0.0,43,True,19.11,17.65,19.11,19.28,9.55,8.82,9.55,9.63,28.66,26.47,28.66,28.91
211212,062073211212,Chula Vista,CA,13392,2022,272979,2022,True,526611000,515473000,445746000,515473000,0,749000,66663000,64789000,1874000,43169000,39363000,3806000,0,0,0,4183000,510541000,R,R,0.0,57,True,12.93,12.66,12.93,13.06,8.37,8.2,8.37,8.46,21.31,20.86,21.31,21.51
163465,182003163465,Fort Wayne,IN,25000,2022,272398,2022,True,338069000,318074000,316546000,318074000,0,0,81827000,77526000,4301000,56156000,54249000,1907000,0,0,0,5274000,312800000,R,R,0.068,54,True,25.73,24.2,25.73,26.16,17.66,16.61,17.66,17.95,43.38,40.82,43.38,44.11
205133,392095205133,Toledo,OH,77000,2022,271455,2022,True,234918000,179024000,179024000,179024000,0,0,0,0,0,0,0,0,0,0,0,11064000,167960000,-,-,1.0,26,False,,,,,,,,,,,,
161693,122103161693,St Petersburg,FL,63000,2022,267802,2022,True,669298000,603293000,603293000,603293000,0,0,114999000,114543000,456000,39577000,39558000,19000,0,0,1756000,17572000,583965000,R,R,0.0,58,True,19.06,17.18,19.06,19.69,6.56,5.91,6.56,6.78,25.62,23.1,25.62,26.47
100249,042013100249,Chandler,AZ,12000,2022,265398,2022,True,450050000,400152000,395534000,400152000,0,0,86735000,81708000,5027000,42329000,42283000,46000,0,0,2104000,0,398048000,R,R,0.0,58,True,21.68,19.27,21.68,21.79,10.58,9.41,10.58,10.63,32.25,28.68,32.25,32.42
135293,482479135293,Laredo,TX,41464,2022,263640,2022,True,525686000,448624000,448131000,448624000,0,7176000,85890000,85490000,400000,63212000,63162000,50000,0,0,18833000,35379000,387236000,I,I,1.0,74,True,19.15,16.34,19.15,22.18,14.09,12.02,14.09,16.32,33.24,28.36,33.24,38.5
209777,552025209777,Madison,WI,48000,2022,263094,2022,True,654893000,561861000,561861000,561861000,0,17965000,83281000,83006000,275000,64586000,63269000,1317000,0,0,0,7387000,536509000,R,R,0.071,62,True,14.82,12.72,14.82,15.52,11.5,9.86,11.5,12.04,26.32,22.58,26.32,27.56
193734,342017193734,Jersey,NJ,36000,2022,262664,2022,True,764169000,745741000,740997000,745741000,0,0,115569000,115569000,0,69562000,69562000,0,0,0,0,5326000,740415000,R,R,0.013,43,True,15.5,15.12,15.5,15.61,9.33,9.1,9.33,9.4,24.83,24.23,24.83,25.0
189585,042013189585,Scottsdale,AZ,65000,2022,262647,2022,True,692515000,593577000,593577000,593577000,0,0,129060000,124844000,4216000,50950000,48403000,2547000,0,0,16641000,0,576936000,A,A,0.0,49,True,21.74,18.64,21.74,22.37,8.58,7.36,8.58,8.83,30.33,25.99,30.33,31.2
212233,482303212233,Lubbock,TX,45000,2022,262611,2022,True,769295000,370423000,370160000,370423000,0,0,75019000,61776000,13243000,47669000,46356000,1313000,0,0,28403000,11359000,330661000,R,R,0.0,67,True,20.25,9.75,20.25,22.69,12.87,6.2,12.87,14.42,33.12,15.95,33.12,37.1
208734,322003208734,North Las Vegas,NV,51800,2022,260098,2022,True,366926000,309477000,309477000,309477000,0,11729000,80983000,80020000,963000,45066000,41647000,3419000,0,0,0,0,297748000,R,R,0.0,55,True,26.17,22.07,26.17,27.2,14.56,12.28,14.56,15.14,40.73,34.35,40.73,42.33
169993,322031169993,Reno,NV,60600,2022,259290,2022,True,423247000,423247000,423247000,423247000,0,0,100445000,91246000,9199000,63093000,60167000,2926000,0,0,0,0,423247000,R,R,0.0,48,True,23.73,23.73,23.73,23.73,14.91,14.91,14.91,14.91,38.64,38.64,38.64,38.64
160831,042013160831,Gilbert,AZ,27400,2022,257658,2022,True,409578000,352264000,345478000,352264000,0,969000,72453000,72453000,0,38003000,38003000,0,0,0,0,0,351295000,R,R,0.053,57,True,20.57,17.69,20.57,20.62,10.79,9.28,10.79,10.82,31.36,26.97,31.36,31.44
207535,042013207535,Glendale,AZ,27820,2022,255307,2022,True,509673000,434094000,434094000,434094000,0,0,114296000,114296000,0,38557000,30653000,7904000,0,0,0,0,434094000,R,IR,0.264,47,True,26.33,22.43,26.33,26.33,8.88,7.57,8.88,8.88,35.21,29.99,35.21,35.21
186634,362029186634,Buffalo,NY,11000,2022,254479,2022,True,1677266000,1651656000,1640208000,689606000,962050000,0,94505000,92942000,1563000,71825000,67915000,3910000,0,0,0,1510000,688096000,R,R,0.0,58,True,5.72,5.63,13.7,13.73,4.35,4.28,10.42,10.44,10.07,9.92,24.12,24.17
194744,372067194744,Winston-Salem,NC,75000,2022,248112,2022,True,393944000,336992000,336287000,336992000,0,0,80717000,78059000,2658000,39853000,35747000,4106000,0,0,0,0,336992000,R,R,0.0,52,True,23.95,20.49,23.95,23.95,11.83,10.12,11.83,11.83,35.78,30.61,35.78,35.78
114563,512550114563,Chesapeake,VA,16000,2022,247011,2022,True,1214442000,1181044000,1168447000,578037000,603007000,86420000,83430000,82380000,1050000,57878000,56284000,1594000,0,0,2328000,36609000,452680000,R,R,0.0,77,True,7.06,6.87,14.43,18.43,4.9,4.77,10.01,12.79,11.96,11.64,24.45,31.22
136057,512710136057,Norfolk,VA,57000,2022,242803,2022,True,1406526000,1333202000,1327636000,903703000,429499000,94213000,89867000,89867000,0,41111000,41111000,0,0,0,56061000,34897000,718532000,R,R,0.0,71,True,6.74,6.39,9.94,12.51,3.08,2.92,4.55,5.72,9.82,9.31,14.49,18.23
176079,482113176079,Irving,TX,37000,2022,240916,2022,True,455296000,390759000,390759000,390759000,0,1481000,76376000,71897000,4479000,55347000,52878000,2469000,0,0,0,59000,389219000,R,R,0.0,60,True,19.55,16.78,19.55,19.62,14.16,12.16,14.16,14.22,33.71,28.93,33.71,33.84
212231,482113212231,Garland,TX,29000,2022,238139,2022,True,881305000,427473000,427070000,427473000,0,1337000,66853000,60008000,6845000,39676000,39111000,565000,0,0,29000,13390000,412717000,R,R,0.0,62,True,15.64,7.59,15.64,16.2,9.28,4.5,9.28,9.61,24.92,12.09,24.92,25.81
207577,062001207577,Fremont,CA,26000,2022,234569,2022,True,368750000,368511000,368511000,368511000,0,5124000,97726000,96985000,741000,60951000,60836000,115000,0,0,0,36761000,326626000,R,R,0.038,49,True,26.52,26.5,26.52,29.92,16.54,16.53,16.54,18.66,43.06,43.03,43.06,48.58
194178,512760194178,Richmond,VA,67000,2022,232226,2022,True,1823502000,1462587000,1462587000,979751000,482836000,111697000,117876000,114292000,3584000,85640000,85640000,0,0,0,0,104798000,763256000,R,R,0.0,75,True,8.06,6.46,12.03,15.44,5.86,4.7,8.74,11.22,13.91,11.16,20.77,26.66
161604,122086161604,Hialeah,FL,30000,2022,232027,2022,True,326453000,303143000,303143000,302422000,721000,888000,71278000,67727000,3551000,57050000,54240000,2810000,0,0,0,0,301534000,R,R,0.0,61,True,23.51,21.83,23.57,23.64,18.82,17.48,18.86,18.92,42.33,39.31,42.43,42.56
162035,162001162035,Boise,ID,08830,2022,229776,2022,True,457280000,455257000,453690000,455257000,0,0,59255000,57039000,2216000,60424000,58451000,1973000,0,0,42751000,2765000,409741000,R,R,0.0,60,True,13.02,12.96,13.02,14.46,13.27,13.21,13.27,14.75,26.29,26.17,26.29,29.21
205599,532063205599,Spokane,WA,67000,2022,222050,2022,True,576134000,506481000,500431000,506481000,0,18032000,71882000,71531000,351000,66728000,66532000,196000,0,0,0,2929000,485520000,R,R,0.0,62,True,14.19,12.48,14.19,14.81,13.17,11.58,13.17,13.74,27.37,24.06,27.37,28.55
176868,532053176868,Tacoma,WA,70000,2022,219945,2022,True,1239447000,651366000,651366000,651366000,0,0,90580000,90580000,0,95120000,92537000,2583000,0,0,0,7555000,643811000,R,R,0.0,66,True,13.91,7.31,13.91,14.07,14.6,7.67,14.6,14.77,28.51,14.98,28.51,28.84
166054,222033166054,Baton Rouge-East Baton Rouge-Parish,LA,05000,2022,219052,2022,True,1207314000,1170081000,1144006000,1170081000,0,136127000,147463000,143124000,4339000,73799000,73043000,756000,0,0,16286000,69446000,948222000,IR,R,0.044,77,True,12.6,12.21,12.6,15.55,6.31,6.11,6.31,7.78,18.91,18.33,18.91,23.33
193115,062071193115,San Bernardino,CA,65000,2022,217491,2022,True,277322000,243025000,243025000,243025000,0,0,95682000,95682000,0,0,0,0,0,0,0,5165000,237860000,R,-,0.0,42,True,39.37,34.5,39.37,40.23,0.0,0.0,0.0,0.0,39.37,34.5,39.37,40.23
161245,062071161245,Fontana,CA,24680,2022,216173,2022,True,340601000,340601000,340601000,340601000,0,0,82253000,78424000,3829000,39842000,39842000,0,0,0,0,206000,340395000,R,R,0.022,43,True,24.15,24.15,24.15,24.16,11.7,11.7,11.7,11.7,35.85,35.85,35.85,35.87
207610,062099207610,Modesto,CA,48354,2022,215666,2022,True,351562000,312145000,312145000,312145000,0,0,70015000,66068000,3947000,53034000,53034000,0,0,0,1027000,11716000,299402000,R,R,0.002,51,True,22.43,19.92,22.43,23.38,16.99,15.09,16.99,17.71,39.42,35.0,39.42,41.1
161238,062065161238,Moreno Valley,CA,49270,2022,212349,2022,True,236536000,209564000,209564000,209564000,0,0,27173000,26370000,803000,17517000,17517000,0,0,0,0,40968000,168596000,R,R,0.0,41,True,12.97,11.49,12.97,16.12,8.36,7.41,8.36,10.39,21.33,18.89,21.33,26.51
208056,192153208056,Des Moines,IA,21000,2022,212312,2022,True,646497000,583169000,583169000,583169000,0,10193000,76152000,76152000,0,47174000,46256000,918000,0,0,44925000,1268000,526783000,R,R,0.0,58,True,13.06,11.78,13.06,14.46,8.09,7.3,8.09,8.96,21.15,19.08,21.15,23.41
131717,372051131717,Fayetteville,NC,22920,2022,211705,2022,True,1074448000,398921000,364865000,398921000,0,352000,59669000,57155000,2514000,32055000,31350000,705000,0,0,19761000,0,378808000,I,I,0.217,63,True,14.96,5.55,14.96,15.75,8.04,2.98,8.04,8.46,22.99,8.54,22.99,24.21
137232,062037137232,Santa Clarita,CA,69088,2022,209990,2022,True,238832000,205368000,205368000,205368000,0,0,32341000,28445000,3896000,853000,853000,0,0,0,0,4906000,200462000,R,R,0.031,42,True,15.75,13.54,15.75,16.13,0.42,0.36,0.42,0.43,16.16,13.9,16.16,16.56
194820,482085194820,Frisco,TX,27684,2022,209980,2022,True,476597000,398389000,376993000,398389000,0,0,48291000,46707000,1584000,49770000,45182000,4588000,0,0,0,2654000,395735000,I,I,1.0,49,True,12.12,10.13,12.12,12.2,12.49,10.44,12.49,12.58,24.61,20.58,24.61,24.78
161710,122111161710,Port St Lucie,FL,58715,2022,209715,2022,True,328842000,285750000,285750000,285750000,0,0,51399000,47321000,4078000,0,0,0,0,0,0,20455000,265295000,R,-,0.0,53,True,17.99,15.63,17.99,19.37,0.0,0.0,0.0,0.0,17.99,15.63,17.99,19.37
187646,482085187646,Mckinney,TX,45744,2022,208272,2022,True,469716000,394114000,394114000,394114000,0,0,40076000,38840000,1236000,51713000,37135000,14578000,0,0,10228000,2170000,381716000,R,R,0.0,59,True,10.17,8.53,10.17,10.5,13.12,11.01,13.12,13.55,23.29,19.54,23.29,24.05
161299,062111161299,Oxnard,CA,54652,2022,207945,2022,True,601529000,541234000,533250000,541234000,0,0,86275000,81306000,4969000,42012000,39012000,3000000,0,0,0,13468000,527766000,R,R,0.0,52,True,15.94,14.34,15.94,16.35,7.76,6.98,7.76,7.96,23.7,21.33,23.7,24.31
225038,012073225038,Birmingham,AL,07000,2022,206950,2022,True,728136000,529549000,529549000,529549000,0,439000,109223000,109223000,0,73372000,73372000,0,0,0,0,1034000,528076000,R,R,0.0,40,True,20.63,15.0,20.63,20.68,13.86,10.08,13.86,13.89,34.48,25.08,34.48,34.58
131239,362055131239,Rochester,NY,63000,2022,205225,2022,True,1595058000,1542940000,1540508000,706346000,836594000,0,100102000,99863000,239000,63219000,58753000,4466000,0,0,0,2245000,704101000,R,R,0.0,58,True,6.49,6.28,14.17,14.22,4.1,3.96,8.95,8.98,10.59,10.24,23.12,23.2
176492,492035176492,Salt Lake,UT,67000,2022,204087,2022,True,1426293000,1315766000,1315766000,1315766000,0,1733000,64582000,64504000,78000,44278000,44154000,124000,0,0,535511000,7774000,770748000,R,R,0.0,77,True,4.91,4.53,4.91,8.38,3.37,3.1,3.37,5.74,8.27,7.63,8.27,14.12
207520,012089207520,Huntsville,AL,37000,2022,202964,2022,True,1175254000,568572000,538611000,568572000,0,0,53990000,53907000,83000,39873000,39510000,363000,0,0,0,2388000,566184000,R,R,0.0,65,True,9.5,4.59,9.5,9.54,7.01,3.39,7.01,7.04,16.51,7.99,16.51,16.58
161649,122071161649,Cape Coral,FL,10275,2022,200972,2022,True,450791000,384733000,384733000,354793000,29940000,0,47676000,45563000,2113000,39751000,35584000,4167000,0,0,0,0,354793000,R,R,0.0,48,True,12.39,10.58,13.44,13.44,10.33,8.82,11.2,11.2,22.72,19.39,24.64,24.64
160833,042013160833,Tempe,AZ,73000,2022,200402,2022,True,586321000,503356000,503356000,503356000,0,31831000,113040000,110041000,2999000,51966000,49114000,2852000,0,0,0,5324000,466201000,R,R,0.284,52,True,22.46,19.28,22.46,24.25,10.32,8.86,10.32,11.15,32.78,28.14,32.78,35.39
109593,362119109593,Yonkers,NY,84000,2022,200040,2022,True,1353875000,1321715000,1307968000,609477000,712238000,0,108263000,108263000,0,72046000,72024000,22000,0,0,0,964000,608513000,R,R,0.0,53,True,8.19,8.0,17.76,17.79,5.45,5.32,11.82,11.84,13.64,13.32,29.58,29.63
185901,262081185901,Grand Rapids,MI,34000,2022,200031,2022,True,513793000,460983000,452915000,460983000,0,0,57077000,57077000,0,37914000,37914000,0,0,0,0,528000,460455000,R,R,0.0,52,True,12.38,11.11,12.38,12.4,8.22,7.38,8.22,8.23,20.61,18.49,20.61,20.63
194809,482375194809,Amarillo,TX,03000,2022,199654,2022,True,398514000,344064000,344064000,344064000,0,30851000,49477000,49477000,0,35582000,35582000,0,0,0,18944000,17585000,276684000,R,R,0.0,58,True,14.38,12.42,14.38,17.88,10.34,8.93,10.34,12.86,24.72,21.34,24.72,30.74
100709,062059100709,Huntington Beach,CA,36000,2022,198246,2022,True,431020000,384331000,359914000,384331000,0,0,97760000,96974000,786000,48210000,48209000,1000,0,0,0,7479000,376852000,R,R,0.046,55,True,25.44,22.68,25.44,25.94,12.54,11.19,12.54,12.79,37.98,33.87,37.98,38.73
100435,052119100435,Little Rock,AR,41000,2022,197866,2022,True,582827000,582827000,561828000,582827000,0,0,80293000,78590000,1703000,57316000,57062000,254000,0,0,41521000,36822000,504484000,R,R,0.0,60,True,13.78,13.78,13.78,15.92,9.83,9.83,9.83,11.36,23.61,23.61,23.61,27.28
161170,062037161170,Glendale,CA,30000,2022,197747,2022,True,706418000,496893000,496893000,496893000,0,0,101211000,99439000,1772000,63000000,63000000,0,0,0,0,7220000,489673000,R,R,0.0,52,True,20.37,14.33,20.37,20.67,12.68,8.92,12.68,12.87,33.05,23.25,33.05,33.53
194679,132245194679,Augusta-Richmond County Consolidated Government,GA,04204,2022,197468,2022,True,501258000,458698000,458029000,458698000,0,26072000,51117000,48475000,2642000,31234000,31026000,208000,0,0,18139000,3904000,410583000,R,R,0.0,65,True,11.14,10.2,11.14,12.45,6.81,6.23,6.81,7.61,17.95,16.43,17.95,20.06
208111,202091208111,Overland Park,KS,53775,2022,197381,2022,True,254105000,254105000,253508000,254105000,0,0,40336000,38950000,1386000,25226000,24877000,349000,0,0,0,0,254105000,R,R,0.0,42,True,15.87,15.87,15.87,15.87,9.93,9.93,9.93,9.93,25.8,25.8,25.8,25.8
161944,132215161944,Columbus Consolidated Government,GA,19000,2022,196442,2022,True,441031000,418803000,397921000,418803000,0,31089000,68519000,63355000,5164000,38101000,31936000,6165000,0,0,7742000,18216000,361756000,R,R,0.0,72,True,16.36,15.54,16.36,18.94,9.1,8.64,9.1,10.53,25.46,24.18,25.46,29.47
189929,172089189929,Aurora,IL,03012,2022,196383,2022,True,316001000,291004000,288960000,291004000,0,9292000,86270000,84750000,1520000,57559000,57559000,0,0,0,845000,0,280867000,R,R,0.132,44,True,29.65,27.3,29.65,30.72,19.78,18.21,19.78,20.49,49.43,45.52,49.43,51.21
161650,122073161650,Tallahassee,FL,70600,2022,196326,2022,True,1022524000,646938000,646938000,646938000,0,0,68878000,68023000,855000,48902000,48307000,595000,0,0,23931000,0,623007000,R,R,0.0,66,True,10.65,6.74,10.65,11.06,7.56,4.78,7.56,7.85,18.21,11.52,18.21,18.91
100091,012101100091,Montgomery,AL,51000,2022,196268,2022,True,301439000,212442000,212163000,212442000,0,0,44059000,44059000,0,33092000,33092000,0,0,0,0,4924000,207518000,R,R,0.274,46,True,20.74,14.62,20.74,21.23,15.58,10.98,15.58,15.95,36.32,25.59,36.32,37.18
209096,392153209096,Akron,OH,01000,2022,195994,2022,True,530090000,500592000,500592000,500592000,0,0,73846000,73282000,564000,68166000,67645000,521000,0,0,0,4745000,495847000,I,I,1.0,39,True,14.75,13.93,14.75,14.89,13.62,12.86,13.62,13.75,28.37,26.79,28.37,28.64
194823,482113194823,Grand Prairie,TX,30464,2022,195272,2022,True,477025000,424817000,424817000,424817000,0,0,69921000,69495000,426000,46315000,37617000,8698000,0,0,2007000,5771000,417039000,R,R,0.0,61,True,16.46,14.66,16.46,16.77,10.9,9.71,10.9,11.11,27.36,24.37,27.36,27.87
175780,472093175780,Knoxville,TN,40000,2022,190223,2022,True,1309399000,497797000,497797000,497797000,0,0,66083000,66083000,0,47987000,47987000,0,0,0,0,11000,497786000,I,I,0.968,58,True,13.28,5.05,13.28,13.28,9.64,3.66,9.64,9.64,22.91,8.71,22.91,22.92
184196,462099184196,Sioux Falls,SD,59020,2022,187809,2022,True,372929000,319193000,319181000,319193000,0,0,42916000,41867000,1049000,37918000,31916000,6002000,0,0,0,14659000,304534000,R,R,0.0,64,True,13.45,11.51,13.45,14.09,11.88,10.17,11.88,12.45,25.32,21.68,25.32,26.54
160683,012097160683,Mobile,AL,50000,2022,187746,2022,True,398215000,329825000,329815000,329825000,0,14389000,59977000,59977000,0,38137000,38137000,0,0,0,0,0,315436000,R,R,0.372,50,True,18.18,15.06,18.18,19.01,11.56,9.58,11.56,12.09,29.75,24.64,29.75,31.1
176816,532011176816,Vancouver,WA,74060,2022,186192,2022,True,318876000,263516000,263211000,263516000,0,0,58175000,58175000,0,55558000,50283000,5275000,0,0,597000,0,262919000,R,R,0.035,58,True,22.08,18.24,22.08,22.13,21.08,17.42,21.08,21.13,43.16,35.67,43.16,43.26
127810,222017127810,Shreveport,LA,70000,2022,184786,2022,True,445878000,368306000,368231000,368306000,0,0,62409000,62325000,84000,58064000,58064000,0,0,0,10549000,228000,357529000,R,R,0.199,57,True,16.94,14.0,16.94,17.46,15.77,13.02,15.77,16.24,32.71,27.02,32.71,33.7
191559,472065191559,Chattanooga,TN,14000,2022,184742,2022,True,1322159000,537375000,535868000,537375000,0,5355000,86022000,84150000,1872000,57031000,56416000,615000,0,0,29777000,4945000,497298000,R,R,0.0,63,True,16.01,6.51,16.01,17.3,10.61,4.31,10.61,11.47,26.62,10.82,26.62,28.77
106079,252027106079,Worcester,MA,82000,2022,184570,2022,True,1083368000,1056842000,1033174000,427902000,628940000,1508000,58488000,56957000,1531000,45733000,45692000,41000,0,0,0,4188000,422206000,R,R,0.0,62,True,5.53,5.4,13.67,13.85,4.33,4.22,10.69,10.83,9.86,9.62,24.36,24.68
161585,122011161585,Fort Lauderdale,FL,24000,2022,184245,2022,True,806485000,606435000,606435000,606435000,0,0,128761000,124789000,3972000,96136000,93701000,2435000,0,0,10524000,0,595911000,R,R,0.0,58,True,21.23,15.97,21.23,21.61,15.85,11.92,15.85,16.13,37.09,27.89,37.09,37.74
176022,482061176022,Brownsville,TX,10768,2022,183428,2022,True,518151000,220813000,219083000,220813000,0,1010000,38311000,37089000,1222000,24400000,24290000,110000,0,0,14709000,7645000,197449000,R,R,0.0,67,True,17.35,7.39,17.35,19.4,11.05,4.71,11.05,12.36,28.4,12.1,28.4,31.76
161246,062071161246,Ontario,CA,53896,2022,183393,2022,True,764783000,698328000,698328000,698328000,0,0,116980000,115759000,1221000,84593000,80438000,4155000,0,0,0,3186000,695142000,R,R,0.041,52,True,16.75,15.3,16.75,16.83,12.11,11.06,12.11,12.17,28.87,26.36,28.87,29.0
160832,042013160832,Peoria,AZ,54050,2022,179872,2022,True,336375000,269070000,269070000,269070000,0,0,54979000,54979000,0,43084000,43084000,0,0,0,0,0,269070000,R,R,0.0,36,True,20.43,16.34,20.43,20.43,16.01,12.81,16.01,16.01,36.45,29.15,36.45,36.45
112811,442007112811,Providence,RI,59000,2022,179270,2022,True,1024504000,938860000,938860000,410976000,527884000,1176000,90777000,90777000,0,85446000,85446000,0,0,0,0,0,409800000,R,R,0.0,49,True,9.67,8.86,22.09,22.15,9.1,8.34,20.79,20.85,18.77,17.2,42.88,43.0
176784,512700176784,Newport News,VA,56000,2022,179062,2022,True,1168573000,1085385000,1075575000,657919000,427466000,95321000,76767000,76767000,0,41948000,41948000,0,0,0,13199000,82965000,466434000,R,R,0.071,66,True,7.07,6.57,11.67,16.46,3.86,3.59,6.38,8.99,10.94,10.16,18.04,25.45
161251,062071161251,Rancho Cucamonga,CA,59451,2022,178849,2022,True,270557000,258395000,258395000,258395000,0,0,49449000,45213000,4236000,93790000,89961000,3829000,0,0,0,3681000,254714000,R,R,0.011,46,True,19.14,18.28,19.14,19.41,36.3,34.67,36.3,36.82,55.43,52.94,55.43,56.24
200728,062067200728,Elk Grove,CA,22020,2022,177302,2022,True,198488000,186382000,186382000,186382000,0,0,50843000,50843000,0,0,0,0,0,0,0,30000,186352000,R,-,0.061,37,True,27.28,25.62,27.28,27.28,0.0,0.0,0.0,0.0,27.28,25.62,27.28,27.28
205218,412047205218,Salem,OR,64900,2022,175891,2022,True,387558000,341420000,341420000,341420000,0,0,51415000,51415000,0,40527000,40527000,0,0,0,1206000,1893000,338321000,R,R,0.0,51,True,15.06,13.27,15.06,15.2,11.87,10.46,11.87,11.98,26.93,23.72,26.93,27.18
161256,062073161256,Oceanside,CA,53322,2022,174648,2022,True,392613000,330092000,330092000,330092000,0,0,69109000,68179000,930000,33635000,33635000,0,0,0,8721000,22520000,298851000,R,R,0.029,56,True,20.94,17.6,20.94,23.12,10.19,8.57,10.19,11.25,31.13,26.17,31.13,34.38
161287,062097161287,Santa Rosa,CA,70098,2022,174613,2022,True,370916000,311380000,311380000,311380000,0,0,72343000,71972000,371000,50895000,50895000,0,0,0,0,3047000,308333000,R,R,0.0,48,True,23.23,19.5,23.23,23.46,16.34,13.72,16.34,16.51,39.58,33.23,39.58,39.97
161593,122011161593,Pembroke Pines,FL,55775,2022,174414,2022,True,437852000,428486000,428486000,428486000,0,2915000,70550000,67893000,2657000,54335000,54335000,0,0,0,0,0,425571000,R,R,0.0,49,True,16.46,16.11,16.46,16.58,12.68,12.41,12.68,12.77,29.15,28.52,29.15,29.35
131775,372183131775,Cary,NC,10740,2022,173587,2022,True,306012000,232535000,232535000,232535000,0,0,29890000,29667000,223000,31182000,31146000,36000,0,0,0,0,232535000,R,R,0.0,47,True,12.85,9.77,12.85,12.85,13.41,10.19,13.41,13.41,26.26,19.96,26.26,26.26
133222,412039133222,Eugene,OR,23850,2022,173236,2022,True,726580000,401037000,398452000,401037000,0,0,67134000,66987000,147000,49471000,49471000,0,0,0,26835000,0,374202000,R,R,0.0,63,True,16.74,9.24,16.74,17.94,12.34,6.81,12.34,13.22,29.08,16.05,29.08,31.16
193114,062059193114,Garden Grove,CA,29000,2022,171366,2022,True,269980000,238296000,238296000,238296000,0,0,71392000,70045000,1347000,26975000,26975000,0,0,0,0,3158000,235138000,R,R,0.0,45,True,29.96,26.44,29.96,30.36,11.32,9.99,11.32,11.47,41.28,36.43,41.28,41.83
207593,062065207593,Corona,CA,16350,2022,170996,2022,True,671749000,506483000,478251000,506483000,0,0,163446000,161287000,2159000,89111000,88959000,152000,0,0,444000,2589000,503450000,R,R,0.0,64,True,32.27,24.33,32.27,32.47,17.59,13.27,17.59,17.7,49.86,37.6,49.86,50.17
101409,082069101409,Fort Collins,CO,27425,2022,168234,2022,True,716679000,432181000,401193000,432181000,0,15676000,47737000,47737000,0,30988000,30988000,0,0,0,0,0,416505000,R,R,0.0,50,True,11.05,6.66,11.05,11.46,7.17,4.32,7.17,7.44,18.22,10.98,18.22,18.9
168896,292077168896,Springfield,MO,70000,2022,168090,2022,True,758857000,299997000,299997000,299997000,0,0,43646000,43639000,7000,24110000,24110000,0,0,0,21806000,16990000,261201000,R,R,0.046,59,True,14.55,5.75,14.55,16.71,8.04,3.18,8.04,9.23,22.59,8.93,22.59,25.94
184266,472125184266,Clarksville,TN,15160,2022,161247,2022,True,470318000,161345000,161345000,161345000,0,0,33828000,33676000,152000,22459000,22216000,243000,0,0,0,129000,161216000,R,R,0.0,65,True,20.97,7.19,20.97,20.98,13.92,4.78,13.92,13.93,34.89,11.97,34.89,34.91
209712,512510209712,Alexandria,VA,01000,2022,158726,2022,True,1301839000,1153663000,1152097000,816637000,337026000,83356000,76440000,72604000,3836000,56399000,56399000,0,0,0,0,54324000,678957000,R,R,0.0,67,True,6.63,5.87,9.36,11.26,4.89,4.33,6.91,8.31,11.51,10.2,16.27,19.57
161123,062001161123,Hayward,CA,33000,2022,157966,2022,True,398782000,350875000,348390000,350875000,0,95000,82247000,80216000,2031000,85904000,53425000,32479000,0,0,3757000,2061000,344962000,R,R,0.014,60,True,23.44,20.62,23.44,23.84,24.48,21.54,24.48,24.9,47.92,42.17,47.92,48.74
129295,282049129295,Jackson,MS,36000,2022,157821,2022,True,308614000,256826000,256826000,256826000,0,2984000,31361000,30375000,986000,26317000,22731000,3586000,0,0,27058000,825000,225959000,R,R,0.0,61,True,12.21,10.16,12.21,13.88,10.25,8.53,10.25,11.65,22.46,18.69,22.46,25.53
161376,082059161376,Lakewood,CO,43000,2022,157429,2022,True,187203000,185980000,185980000,185980000,0,0,56279000,55625000,654000,0,0,0,0,0,0,0,185980000,R,-,0.005,42,True,30.26,30.06,30.26,30.26,0.0,0.0,0.0,0.0,30.26,30.06,30.26,30.26
184451,062037184451,Lancaster,CA,40130,2022,155822,2022,True,276653000,214875000,214875000,214875000,0,0,6896000,6896000,0,0,0,0,0,0,0,473000,214402000,R,-,0.0,41,True,3.21,2.49,3.21,3.22,0.0,0.0,0.0,0.0,3.21,2.49,3.21,3.22
161212,062053161212,Salinas,CA,64224,2022,154868,2022,True,231173000,231058000,231058000,231058000,0,0,62003000,57252000,4751000,26667000,26667000,0,0,0,1524000,2508000,227026000,R,R,0.0,49,True,26.83,26.82,26.83,27.31,11.54,11.54,11.54,11.75,38.38,38.36,38.38,39.06
161586,122011161586,Hollywood,FL,32000,2022,154611,2022,True,521379000,469099000,469099000,469099000,0,0,90695000,90075000,620000,13050000,10604000,2446000,0,0,0,51292000,417807000,R,R,0.0,51,True,19.33,17.4,19.33,21.71,2.78,2.5,2.78,3.12,22.12,19.9,22.12,24.83
175981,482027175981,Killeen,TX,39148,2022,153991,2022,True,179315000,150188000,148160000,150188000,0,0,31321000,31321000,0,24469000,24469000,0,0,0,9577000,926000,139685000,R,R,0.0,57,True,20.85,17.47,20.85,22.42,16.29,13.65,16.29,17.52,37.15,31.11,37.15,39.94
102163,132021102163,Macon-Bibb County,GA,49008,2022,152737,2022,True,295647000,295647000,277573000,295647000,0,22007000,37786000,34180000,3606000,33254000,30439000,2815000,0,0,1631000,10064000,261945000,R,R,0.034,62,True,12.78,12.78,12.78,14.43,11.25,11.25,11.25,12.7,24.03,24.03,24.03,27.12
164911,202209164911,Wyandotte County And Kansas Unified Government,KS,36000,2022,152727,2022,True,746390000,495963000,495963000,495963000,0,36644000,63285000,63285000,0,68346000,68346000,0,0,0,0,26641000,432678000,I,I,0.441,55,True,12.76,8.48,12.76,14.63,13.78,9.16,13.78,15.8,26.54,17.64,26.54,30.42
106061,252013106061,Springfield,MA,67000,2022,152646,2022,True,999118000,998575000,988346000,310440000,688135000,1247000,49953000,49841000,112000,24108000,24099000,9000,0,0,0,1707000,307486000,R,R,0.0,51,True,5.0,5.0,16.09,16.25,2.41,2.41,7.77,7.84,7.42,7.41,23.86,24.09
161281,062085161281,Sunnyvale,CA,77000,2022,151746,2022,True,797304000,736252000,609917000,736252000,0,0,72016000,71688000,328000,32994000,32968000,26000,0,0,0,1091000,735161000,R,R,0.0,56,True,9.78,9.03,9.78,9.8,4.48,4.14,4.48,4.49,14.26,13.17,14.26,14.28
209519,472149209519,Murfreesboro,TN,51560,2022,150757,2022,True,331446000,282609000,282588000,169151000,113458000,29000,39478000,36145000,3333000,26156000,23930000,2226000,0,0,6659000,0,162463000,R,R,0.0,65,True,13.97,11.91,23.34,24.3,9.26,7.89,15.46,16.1,23.22,19.8,38.8,40.4
183832,062037183832,Palmdale,CA,55156,2022,150498,2022,True,136167000,129821000,129821000,129821000,0,0,32600000,32600000,0,43000,43000,0,0,0,0,343000,129478000,R,R,0.05,40,True,25.11,23.94,25.11,25.18,0.03,0.03,0.03,0.03,25.14,23.97,25.14,25.21
161255,062073161255,Escondido,CA,22804,2022,149943,2022,True,335198000,254104000,219633000,254104000,0,0,51351000,50579000,772000,29391000,29357000,34000,0,0,0,1235000,252869000,R,R,0.0,47,True,20.21,15.32,20.21,20.31,11.57,8.77,11.57,11.62,31.78,24.09,31.78,31.93
205455,482201205455,Pasadena,TX,56000,2022,149440,2022,True,193560000,172527000,172527000,172527000,0,0,54593000,49953000,4640000,4693000,4693000,0,0,0,0,5555000,166972000,R,R,0.0,46,True,31.64,28.2,31.64,32.7,2.72,2.42,2.72,2.81,34.36,30.63,34.36,35.51
161179,062037161179,Pomona,CA,58072,2022,149212,2022,True,274550000,235383000,235383000,235383000,0,0,61039000,60780000,259000,33145000,33145000,0,0,0,0,1773000,233610000,R,R,0.074,52,True,25.93,22.23,25.93,26.13,14.08,12.07,14.08,14.19,40.01,34.3,40.01,40.32
161328,082001161328,Thornton,CO,77290,2022,148113,2022,True,323955000,238081000,234130000,238081000,0,0,50139000,44290000,5849000,29981000,25983000,3998000,0,0,0,0,238081000,R,R,0.0,50,True,21.06,15.48,21.06,21.06,12.59,9.25,12.59,12.59,33.65,24.73,33.65,33.65
114624,532033114624,Bellevue,WA,05210,2022,148073,2022,True,479487000,397369000,397369000,397369000,0,3048000,48618000,48464000,154000,35981000,32291000,3690000,0,0,0,334000,393987000,R,R,0.0,57,True,12.23,10.14,12.23,12.34,9.05,7.5,9.05,9.13,21.29,17.64,21.29,21.47
162299,172043162299,Naperville,IL,51622,2022,147986,2022,True,401758000,195125000,195125000,195125000,0,0,45149000,45149000,0,40343000,40343000,0,0,0,0,0,195125000,R,R,0.0,31,True,23.14,11.24,23.14,23.14,20.68,10.04,20.68,20.68,43.81,21.28,43.81,43.81
209562,482121209562,Denton,TX,19972,2022,147515,2022,True,710632000,337285000,337285000,337285000,0,0,60658000,38474000,22184000,36821000,34740000,2081000,0,0,2087000,2501000,332697000,R,R,0.0,60,True,17.98,8.54,17.98,18.23,10.92,5.18,10.92,11.07,28.9,13.72,28.9,29.3
194825,482329194825,Midland,TX,48072,2022,147069,2022,True,334042000,259070000,259070000,259070000,0,0,35444000,35444000,0,28750000,28750000,0,0,0,21957000,2216000,234897000,R,R,0.0,56,True,13.68,10.61,13.68,15.09,11.1,8.61,11.1,12.24,24.78,19.22,24.78,27.33
162690,172197162690,Joliet,IL,38570,2022,146673,2022,True,311546000,232131000,232131000,232131000,0,0,47701000,44998000,2703000,29539000,29539000,0,0,0,0,0,232131000,R,R,0.024,37,True,20.55,15.31,20.55,20.55,12.73,9.48,12.73,12.73,33.27,24.79,33.27,33.27
102882,172201102882,Rockford,IL,65000,2022,144835,2022,True,310837000,292345000,292345000,292345000,0,0,64440000,64440000,0,57346000,57346000,0,0,0,0,29122000,263223000,R,R,0.0,30,True,22.04,20.73,22.04,24.48,19.62,18.45,19.62,21.79,41.66,39.18,41.66,46.27
184046,342031184046,Paterson,NJ,57000,2022,144801,2022,True,260432000,260432000,260305000,260432000,0,740000,44526000,44526000,0,40652000,40652000,0,0,0,0,2546000,257146000,R,R,0.017,41,True,17.1,17.1,17.1,17.32,15.61,15.61,15.61,15.81,32.71,32.71,32.71,33.12
123137,062061123137,Roseville,CA,62938,2022,144725,2022,True,650045000,450906000,450906000,450906000,0,5987000,53824000,53798000,26000,43348000,43348000,0,0,0,0,1933000,442986000,R,R,0.063,55,True,11.94,8.28,11.94,12.15,9.61,6.67,9.61,9.79,21.55,14.95,21.55,21.94
205460,482215205460,Mcallen,TX,45384,2022,143751,2022,True,280995000,253687000,250069000,253687000,0,2189000,43441000,42169000,1272000,22830000,22806000,24000,0,0,8887000,3453000,239158000,I,I,0.987,68,True,17.12,15.46,17.12,18.16,9.0,8.12,9.0,9.55,26.12,23.58,26.12,27.71
124438,132051124438,Savannah,GA,69000,2022,143632,2022,True,581097000,552449000,552272000,552449000,0,11580000,61825000,61021000,804000,34378000,34330000,48000,0,0,43761000,0,497108000,R,R,0.0,60,True,11.19,10.64,11.19,12.44,6.22,5.92,6.22,6.92,17.41,16.56,17.41,19.35
124038,092120124038,Bridgeport,CT,08000,2022,143525,2022,True,807153000,807153000,792245000,370839000,436314000,2041000,107218000,106009000,1209000,76774000,76774000,0,0,0,1627000,4336000,362835000,R,R,0.0,52,True,13.28,13.28,28.91,29.55,9.51,9.51,20.7,21.16,22.8,22.8,49.62,50.71
100251,042013100251,Surprise,AZ,71510,2022,143148,2022,True,273984000,254277000,254277000,254277000,0,0,36667000,36566000,101000,27730000,27730000,0,0,0,0,0,254277000,I,I,1.0,42,True,14.42,13.38,14.42,14.42,10.91,10.12,10.91,10.91,25.33,23.5,25.33,25.33
204523,202091204523,Olathe,KS,52575,2022,141665,2022,True,295190000,259214000,259214000,259214000,0,12872000,29462000,29462000,0,25493000,25493000,0,0,0,0,0,246342000,R,I,0.684,39,True,11.37,9.98,11.37,11.96,9.83,8.64,9.83,10.35,21.2,18.62,21.2,22.31
207583,062037207583,Torrance,CA,80000,2022,141553,2022,True,418113000,324948000,313338000,324948000,0,0,85704000,84893000,811000,33096000,32968000,128000,0,0,2841000,20044000,302063000,R,R,0.0,62,True,26.37,20.5,26.37,28.37,10.19,7.92,10.19,10.96,36.56,28.41,36.56,39.33
176286,482309176286,Waco,TX,76000,2022,141377,2022,True,442746000,376981000,376092000,376981000,0,0,45884000,45884000,0,32390000,32390000,0,0,0,5199000,11386000,360396000,R,R,0.179,55,True,12.17,10.36,12.17,12.73,8.59,7.32,8.59,8.99,20.76,17.68,20.76,21.72
170582,362067170582,Syracuse,NY,73000,2022,141229,2022,True,548126000,548126000,546694000,11201000,536925000,0,0,0,0,0,0,0,0,0,0,0,11201000,-,-,0.0,21,False,,,,,,,,,,,,
101927,122011101927,Miramar,FL,45975,2022,141150,2022,True,261428000,248928000,248928000,248928000,0,0,51545000,49425000,2120000,24627000,24385000,242000,0,0,0,16706000,232222000,R,R,0.0,50,True,20.71,19.72,20.71,22.2,9.89,9.42,9.89,10.6,30.6,29.14,30.6,32.8
207582,062037207582,Pasadena,CA,56000,2022,141045,2022,True,704324000,498722000,498722000,498722000,0,0,92079000,90838000,1241000,54513000,54513000,0,0,0,0,19762000,478960000,R,R,0.0,57,True,18.46,13.07,18.46,19.22,10.93,7.74,10.93,11.38,29.39,20.81,29.39,30.61
161218,062059161218,Fullerton,CA,28000,2022,139921,2022,True,317572000,285540000,281507000,285540000,0,0,51633000,51020000,613000,25735000,25720000,15000,0,0,3132000,6015000,276393000,R,R,0.011,56,True,18.08,16.26,18.08,18.68,9.01,8.1,9.01,9.31,27.1,24.36,27.1,27.99
172543,392113172543,Dayton,OH,21000,2022,139907,2022,True,430736000,369220000,369220000,369220000,0,0,60705000,60705000,0,45843000,45843000,0,0,0,52298000,0,316922000,I,I,1.0,42,True,16.44,14.09,16.44,19.15,12.42,10.64,12.42,14.47,28.86,24.74,28.86,33.62
135130,482113135130,Carrollton,TX,13024,2022,139892,2022,True,218250000,190840000,188475000,190840000,0,0,29386000,29341000,45000,31870000,31858000,12000,0,0,0,3269000,187571000,R,R,0.0,52,True,15.4,13.46,15.4,15.67,16.7,14.6,16.7,16.99,32.1,28.07,32.1,32.66
174889,452019174889,Charleston,SC,13330,2022,139714,2022,True,622854000,335182000,334087000,335182000,0,1469000,60972000,60972000,0,38632000,38632000,0,0,0,0,0,333713000,I,I,0.769,52,True,18.19,9.79,18.19,18.27,11.53,6.2,11.53,11.58,29.72,15.99,29.72,29.85
135132,482113135132,Mesquite,TX,47892,2022,138916,2022,True,292888000,236281000,236281000,236281000,0,0,43852000,42927000,925000,33018000,32922000,96000,0,0,1856000,2242000,232183000,I,I,1.0,57,True,18.56,14.97,18.56,18.89,13.97,11.27,13.97,14.22,32.53,26.25,32.53,33.11
161220,062059161220,Orange,CA,53980,2022,138192,2022,True,264589000,221078000,218848000,221078000,0,0,72681000,53450000,19231000,41614000,25451000,16163000,0,0,0,13255000,207823000,R,R,0.058,52,True,32.88,27.47,32.88,34.97,18.82,15.73,18.82,20.02,51.7,43.2,51.7,55.0
135298,482491135298,Round Rock,TX,63500,2022,137575,2022,True,216135000,184569000,183728000,184569000,0,0,31611000,30383000,1228000,20030000,18465000,1565000,0,0,0,801000,183768000,I,I,1.0,53,True,17.13,14.63,17.13,17.2,10.85,9.27,10.85,10.9,27.98,23.89,27.98,28.1
136056,512650136056,Hampton,VA,35000,2022,135464,2022,True,709432000,709432000,704462000,426272000,283160000,62094000,32544000,31832000,712000,25530000,25530000,0,0,0,0,8775000,355403000,R,R,0.0,66,True,4.59,4.59,7.63,9.16,3.6,3.6,5.99,7.18,8.19,8.19,13.62,16.34
123165,062107123165,Visalia,CA,82954,2022,135007,2022,True,265996000,228661000,187372000,228661000,0,0,46202000,44721000,1481000,20679000,20539000,140000,0,0,6478000,1884000,220299000,R,R,0.0,59,True,20.21,17.37,20.21,20.97,9.04,7.77,9.04,9.39,29.25,25.14,29.25,30.36
161572,122001161572,Gainesville,FL,25175,2022,135004,2022,True,786440000,337027000,337027000,337027000,0,2187000,39267000,39125000,142000,20427000,20303000,124000,0,0,468000,3225000,331147000,R,R,0.0,62,True,11.65,4.99,11.65,11.86,6.06,2.6,6.06,6.17,17.71,7.59,17.71,18.03
164470,192113164470,Cedar Rapids,IA,12000,2022,134027,2022,True,495736000,441383000,441383000,441383000,0,0,51879000,51879000,0,23467000,23467000,0,0,0,34101000,1381000,405901000,R,R,0.0,54,True,11.75,10.47,11.75,12.78,5.32,4.73,5.32,5.78,17.07,15.2,17.07,18.56
176495,492035176495,West Valley,UT,83470,2022,133894,2022,True,178209000,178209000,178191000,178209000,0,1777000,33022000,33008000,14000,14736000,14611000,125000,0,0,0,3937000,172495000,R,R,0.0,51,True,18.53,18.53,18.53,19.14,8.27,8.27,8.27,8.54,26.8,26.8,26.8,27.69
161595,122011161595,Coral Springs,FL,14400,2022,133519,2022,True,238618000,238156000,238156000,222904000,15252000,0,55889000,55336000,553000,27132000,26279000,853000,0,0,0,12461000,210443000,R,R,0.0,57,True,23.47,23.42,25.07,26.56,11.39,11.37,12.17,12.89,34.86,34.79,37.25,39.45
128309,262099128309,Warren,MI,84000,2022,132877,2022,True,280448000,234078000,234078000,234078000,0,0,48852000,47655000,1197000,28563000,28179000,384000,0,0,0,496000,233582000,R,R,0.0,45,True,20.87,17.42,20.87,20.91,12.2,10.18,12.2,12.23,33.07,27.6,33.07,33.14
174959,452079174959,Columbia,SC,16000,2022,132130,2022,True,478623000,325799000,324941000,325799000,0,1611000,54037000,48855000,5182000,54127000,52041000,2086000,0,0,0,2072000,322116000,R,R,0.0,58,True,16.59,11.29,16.59,16.78,16.61,11.31,16.61,16.8,33.2,22.6,33.2,33.58
166734,262099166734,Sterling Heights,MI,76460,2022,131709,2022,True,222945000,192086000,190752000,192086000,0,0,37864000,35923000,1941000,25390000,24038000,1352000,0,0,0,10000,192076000,R,R,0.004,47,True,19.71,16.98,19.71,19.71,13.22,11.39,13.22,13.22,32.93,28.37,32.93,32.93
225767,092190225767,Stamford,CT,73000,2022,131397,2022,True,807969000,807961000,804095000,397123000,410838000,374000,53091000,53091000,0,39788000,39788000,0,0,0,0,17939000,378810000,R,R,0.0,48,True,6.57,6.57,13.37,14.02,4.92,4.92,10.02,10.5,11.5,11.5,23.39,24.52
161280,062085161280,Santa Clara,CA,69084,2022,131055,2022,True,1420889000,844848000,488687000,844848000,0,0,77670000,77590000,80000,60655000,60575000,80000,0,0,0,2890000,841958000,R,R,0.0,61,True,9.19,5.47,9.19,9.22,7.18,4.27,7.18,7.2,16.37,9.74,16.37,16.43
161447,092170161447,New Haven,CT,52000,2022,130801,2022,True,990105000,990105000,972390000,540786000,449319000,0,43748000,43748000,0,36835000,36835000,0,0,0,216000,2684000,537886000,R,R,0.0,42,True,4.42,4.42,8.09,8.13,3.72,3.72,6.81,6.85,8.14,8.14,14.9,14.98
205590,532033205590,Kent,WA,35415,2022,130676,2022,True,227829000,204209000,204209000,204209000,0,9532000,41353000,40331000,1022000,4847000,4847000,0,0,0,0,708000,193969000,R,R,0.0,56,True,20.25,18.15,20.25,21.32,2.37,2.13,2.37,2.5,22.62,20.28,22.62,23.82
161132,062013161132,Concord,CA,16000,2022,128544,2022,True,187377000,187377000,186663000,187377000,0,0,65744000,65744000,0,0,0,0,0,0,0,169000,187208000,R,-,0.032,41,True,35.09,35.09,35.09,35.12,0.0,0.0,0.0,0.0,35.09,35.09,35.09,35.12
204933,342039204933,Elizabeth,NJ,21000,2022,128382,2022,True,329723000,327368000,327368000,327368000,0,0,57290000,49735000,7555000,32303000,32242000,61000,0,0,0,8444000,318924000,R,R,0.0,50,True,17.5,17.38,17.5,17.96,9.87,9.8,9.87,10.13,27.37,27.17,27.37,28.09
161834,132059161834,Athens-Clarke County Unified Government,GA,03436,2022,127795,2022,True,316018000,294023000,292744000,294023000,0,16288000,31303000,30474000,829000,16217000,15561000,656000,0,0,3760000,2626000,271349000,R,R,0.021,68,True,10.65,9.91,10.65,11.54,5.52,5.13,5.52,5.98,16.16,15.04,16.16,17.51
166076,222055166076,Lafayette-Parish,LA,40735,2022,126535,2022,True,664803000,428613000,428432000,428613000,0,7126000,110134000,105882000,4252000,30006000,29293000,713000,0,0,7547000,4605000,409335000,R,R,0.011,82,True,25.7,16.57,25.7,26.91,7.0,4.51,7.0,7.33,32.7,21.08,32.7,34.24
201369,062111201369,Thousand Oaks,CA,78582,2022,126310,2022,True,263102000,237379000,186461000,237379000,0,0,29901000,29901000,0,0,0,0,0,0,0,390000,236989000,R,-,0.006,52,True,12.6,11.36,12.6,12.62,0.0,0.0,0.0,0.0,12.6,11.36,12.6,12.62
205181,402027205181,Norman,OK,52500,2022,125762,2022,True,808437000,780158000,780158000,780158000,0,581629000,30557000,29899000,658000,22413000,21678000,735000,0,0,0,0,198529000,R,R,0.0,52,True,3.92,3.78,3.92,15.39,2.87,2.77,2.87,11.29,6.79,6.55,6.79,26.68
176107,482135176107,Odessa,TX,53388,2022,125413,2022,True,177171000,143402000,143402000,143402000,0,0,31844000,31720000,124000,27281000,27280000,1000,0,0,0,0,143402000,I,I,1.0,48,True,22.21,17.97,22.21,22.21,19.02,15.4,19.02,19.02,41.23,33.37,41.23,41.23
171371,382017171371,Fargo,ND,25700,2022,125209,2022,True,410223000,372296000,371937000,372296000,0,571000,23835000,23545000,290000,16565000,15061000,1504000,0,0,19272000,18349000,334104000,S,RS,0.0,74,True,6.4,5.81,6.4,7.13,4.45,4.04,4.45,4.96,10.85,9.85,10.85,12.09
161302,062111161302,Simi Valley,CA,72016,2022,125168,2022,True,184584000,120174000,118140000,120174000,0,0,37514000,37140000,374000,0,0,0,0,0,0,1636000,118538000,R,-,0.0,54,True,31.22,20.32,31.22,31.65,0.0,0.0,0.0,0.0,31.22,20.32,31.22,31.65
161252,062071161252,Victorville,CA,82590,2022,124982,2022,True,383561000,313589000,257513000,313589000,0,6384000,32487000,30556000,1931000,20133000,15333000,4800000,0,0,13333000,3181000,290691000,R,R,0.0,65,True,10.36,8.47,10.36,11.18,6.42,5.25,6.42,6.93,16.78,13.72,16.78,18.1
171248,372129171248,Wilmington,NC,74440,2022,124794,2022,True,193194000,189409000,189409000,189409000,0,1046000,37537000,35677000,1860000,19955000,19932000,23000,0,0,0,0,188363000,R,R,0.0,52,True,19.82,19.43,19.82,19.93,10.54,10.33,10.54,10.59,30.35,29.76,30.35,30.52
168809,292019168809,Columbia,MO,15670,2022,124769,2022,True,359507000,203981000,203981000,203981000,0,1054000,20690000,19995000,695000,14857000,14498000,359000,0,0,19447000,8458000,175022000,R,AR,0.0,62,True,10.14,5.76,10.14,11.82,7.28,4.13,7.28,8.49,17.43,9.89,17.43,20.31
164885,202177164885,Topeka,KS,71000,2022,124558,2022,True,216109000,160655000,160655000,160655000,0,0,38712000,38712000,0,27651000,27549000,102000,0,0,0,0,160655000,R,R,0.0,49,True,24.1,17.91,24.1,24.1,17.21,12.79,17.21,17.21,41.31,30.71,41.31,41.31
176386,482441176386,Abilene,TX,01000,2022,124407,2022,True,243773000,182540000,182540000,182540000,0,0,32776000,32416000,360000,26032000,23974000,2058000,0,0,3508000,5054000,173978000,I,I,1.0,63,True,17.96,13.45,17.96,18.84,14.26,10.68,14.26,14.96,32.22,24.12,32.22,33.8
135095,482039135095,Pearland,TX,56348,2022,123562,2022,True,326384000,241720000,234231000,241720000,0,1097000,30911000,30491000,420000,19074000,18867000,207000,0,0,0,0,240623000,I,I,1.0,49,True,12.79,9.47,12.79,12.85,7.89,5.84,7.89,7.93,20.68,15.31,20.68,20.77
123092,062001123092,Berkeley,CA,06000,2022,122726,2022,True,522065000,522065000,522065000,522065000,0,0,85671000,85671000,0,33681000,33681000,0,0,0,5424000,50508000,466133000,R,R,0.026,46,True,16.41,16.41,16.41,18.38,6.45,6.45,6.45,7.23,22.86,22.86,22.86,25.6
161374,082059161374,Arvada,CO,03455,2022,121936,2022,True,178628000,140373000,140373000,140373000,0,0,36037000,35993000,44000,0,0,0,0,0,0,0,140373000,R,-,0.0,35,True,25.67,20.17,25.67,25.67,0.0,0.0,0.0,0.0,25.67,20.17,25.67,25.67
161441,092110161441,Hartford,CT,37000,2022,121535,2022,True,1001878000,1001878000,940989000,523725000,478153000,3975000,55223000,55223000,0,39167000,39167000,0,0,0,0,18391000,501359000,R,R,0.0,38,True,5.51,5.51,10.54,11.01,3.91,3.91,7.48,7.81,9.42,9.42,18.02,18.83
174015,422077174015,Allentown,PA,02000,2022,121470,2022,True,185418000,184153000,184153000,184153000,0,0,40156000,40030000,126000,21815000,21815000,0,0,0,0,10076000,174077000,R,R,0.0,42,True,21.81,21.66,21.81,23.07,11.85,11.77,11.85,12.53,33.65,33.42,33.65,35.6
162037,162001162037,Meridian,ID,52120,2022,121182,2022,True,94538000,84204000,84204000,84204000,0,0,25035000,22246000,2789000,14807000,14371000,436000,0,0,0,0,84204000,R,R,0.0,37,True,29.73,26.48,29.73,29.73,17.58,15.66,17.58,17.58,47.32,42.14,47.32,47.32
212234,482113212234,Richardson,TX,61796,2022,121112,2022,True,272875000,224461000,224461000,224461000,0,0,30764000,30764000,0,24997000,24997000,0,0,0,0,1755000,222706000,S,S,0.0,49,True,13.71,11.27,13.71,13.81,11.14,9.16,11.14,11.22,24.84,20.43,24.84,25.04
207608,062095207608,Vallejo,CA,81666,2022,120747,2022,True,324526000,284716000,278473000,284716000,0,0,48392000,48329000,63000,30945000,30945000,0,0,0,694000,2167000,281855000,R,R,0.024,52,True,17.0,14.91,17.0,17.17,10.87,9.54,10.87,10.98,27.87,24.45,27.87,28.15
167574,272109167574,Rochester,MN,54880,2022,119862,2022,True,448891000,269843000,269843000,269843000,0,0,38536000,37700000,836000,20312000,19760000,552000,0,0,24655000,0,245188000,R,R,0.0,53,True,14.28,8.58,14.28,15.72,7.53,4.52,7.53,8.28,21.81,13.11,21.81,24.0
190480,262161190480,Ann Arbor,MI,03000,2022,119280,2022,True,295898000,268117000,268117000,268117000,0,0,32450000,32425000,25000,17886000,17886000,0,0,0,860000,0,267257000,R,R,0.0,45,True,12.1,10.97,12.1,12.14,6.67,6.04,6.67,6.69,18.77,17.01,18.77,18.83
194814,482041194814,College Station,TX,15976,2022,119260,2022,True,253870000,136573000,136573000,136573000,0,0,17806000,17745000,61000,15203000,15184000,19000,0,0,0,0,136573000,R,R,0.0,66,True,13.04,7.01,13.04,13.04,11.13,5.99,11.13,11.13,24.17,13.0,24.17,24.17
166448,252017166448,Cambridge,MA,11000,2022,119192,2022,True,1628605000,1612293000,1599179000,1296573000,315720000,870075000,47941000,47300000,641000,34341000,34234000,107000,0,0,0,0,426498000,R,R,0.0,58,True,2.97,2.94,3.7,11.24,2.13,2.11,2.65,8.05,5.1,5.05,6.35,19.29
174894,452019174894,North Charleston,SC,50875,2022,118752,2022,True,167880000,167880000,167880000,167880000,0,0,41418000,39065000,2353000,27159000,26194000,965000,0,0,0,0,167880000,R,R,0.0,44,True,24.67,24.67,24.67,24.67,16.18,16.18,16.18,16.18,40.85,40.85,40.85,40.85
163681,182163163681,Evansville,IN,22000,2022,118407,2022,True,409801000,275922000,275922000,275922000,0,0,36068000,35575000,493000,32345000,31098000,1247000,0,0,19175000,0,256747000,R,R,0.088,53,True,13.07,8.8,13.07,14.05,11.72,7.89,11.72,12.6,24.79,16.69,24.79,26.65
176132,482157176132,Sugar Land,TX,70808,2022,117875,2022,True,236691000,206450000,206403000,206450000,0,0,29484000,28641000,843000,18187000,17492000,695000,0,0,19835000,1295000,185320000,I,I,1.0,48,True,14.28,12.46,14.28,15.91,8.81,7.68,8.81,9.81,23.09,20.14,23.09,25.72
203966,062019203966,Clovis,CA,14218,2022,117662,2022,True,195874000,161448000,153498000,161448000,0,0,40399000,40399000,0,20498000,20498000,0,0,0,0,2295000,159153000,R,R,0.0,46,True,25.02,20.62,25.02,25.38,12.7,10.46,12.7,12.88,37.72,31.09,37.72,38.26
100750,062095100750,Fairfield,CA,23182,2022,117580,2022,True,230910000,177344000,177344000,177344000,0,0,49714000,49713000,1000,27139000,27139000,0,0,0,0,314000,177030000,R,R,0.0,48,True,28.03,21.53,28.03,28.08,15.3,11.75,15.3,15.33,43.34,33.28,43.34,43.41
166690,262065166690,Lansing,MI,46000,2022,117540,2022,True,775757000,407864000,405207000,407864000,0,0,50872000,49770000,1102000,39563000,39436000,127000,0,0,0,0,407864000,R,R,0.0,57,True,12.47,6.56,12.47,12.47,9.7,5.1,9.7,9.7,22.17,11.66,22.17,22.17
184735,122009184735,Palm Bay,FL,54000,2022,116932,2022,True,149248000,138901000,138901000,138901000,0,0,21878000,21688000,190000,16673000,16277000,396000,0,0,0,0,138901000,R,R,0.0,48,True,15.75,14.66,15.75,15.75,12.0,11.17,12.0,12.0,27.75,25.83,27.75,27.75
129515,292095129515,Independence,MO,35000,2022,116774,2022,True,330122000,183592000,183592000,183592000,0,0,41531000,41531000,0,22065000,22065000,0,0,0,0,3455000,180137000,I,I,1.0,49,True,22.62,12.58,22.62,23.06,12.02,6.68,12.02,12.25,34.64,19.26,34.64,35.3
207684,122103207684,Clearwater,FL,12875,2022,116552,2022,True,404723000,334522000,334182000,334522000,0,0,50637000,46911000,3726000,19729000,18895000,834000,0,0,540000,12472000,321510000,R,R,0.0,63,True,15.14,12.51,15.14,15.75,5.9,4.87,5.9,6.14,21.03,17.39,21.03,21.89
114311,492035114311,West Jordan,UT,82950,2022,116530,2022,True,131651000,110883000,110883000,110883000,0,0,17505000,17275000,230000,10942000,10634000,308000,0,0,0,0,110883000,R,R,0.0,50,True,15.79,13.3,15.79,15.79,9.87,8.31,9.87,9.87,25.65,21.61,25.65,25.65
100719,062065100719,Murrieta,CA,50076,2022,116522,2022,True,140544000,140544000,140544000,140544000,0,0,37028000,36436000,592000,23524000,23524000,0,0,0,0,361000,140183000,R,R,0.007,38,True,26.35,26.35,26.35,26.41,16.74,16.74,16.74,16.78,43.08,43.08,43.08,43.19
176517,492049176517,Provo,UT,62470,2022,116295,2022,True,288333000,220261000,220261000,220261000,0,0,18071000,17982000,89000,10804000,10804000,0,0,0,24381000,0,195880000,R,R,0.0,61,True,8.2,6.27,8.2,9.23,4.91,3.75,4.91,5.52,13.11,10.01,13.11,14.74
161254,062073161254,Carlsbad,CA,11194,2022,115599,2022,True,312295000,264071000,264071000,264071000,0,0,53008000,50454000,2554000,7653000,7653000,0,0,0,0,23150000,240921000,R,R,0.007,44,True,20.07,16.97,20.07,22.0,2.9,2.45,2.9,3.18,22.97,19.42,22.97,25.18
194812,482245194812,Beaumont,TX,07000,2022,115473,2022,True,269722000,235117000,235117000,235117000,0,27515000,43696000,42013000,1683000,31912000,30660000,1252000,0,0,844000,11514000,195244000,R,R,0.0,59,True,18.58,16.2,18.58,22.38,13.57,11.83,13.57,16.34,32.16,28.03,32.16,38.72
184767,122105184767,Lakeland,FL,38250,2022,115283,2022,True,714414000,376085000,376071000,376085000,0,322000,43515000,42646000,869000,22660000,21403000,1257000,0,0,10012000,112000,365639000,R,R,0.0,61,True,11.57,6.09,11.57,11.9,6.03,3.17,6.03,6.2,17.6,9.26,17.6,18.1
211654,082001211654,Westminster,CO,83835,2022,115046,2022,True,276627000,240744000,239383000,240744000,0,64000,29151000,28219000,932000,21994000,16540000,5454000,0,0,0,0,240680000,R,R,0.0,66,True,12.11,10.54,12.11,12.11,9.14,7.95,9.14,9.14,21.24,18.49,21.24,21.25
137234,062065137234,Temecula,CA,78120,2022,113878,2022,True,259777000,259777000,223464000,259777000,0,0,36762000,36002000,760000,9226000,8934000,292000,0,0,0,399000,259378000,R,R,0.0,46,True,14.15,14.15,14.15,14.17,3.55,3.55,3.55,3.56,17.7,17.7,17.7,17.73
162629,172167162629,Springfield,IL,72000,2022,113671,2022,True,416080000,236141000,235180000,236141000,0,0,0,0,0,0,0,0,0,0,0,0,236141000,-,-,0.0,36,False,,,,,,,,,,,,
194732,372081194732,High Point,NC,31400,2022,113565,2022,True,369827000,202465000,201897000,202465000,0,0,33637000,33218000,419000,26032000,25530000,502000,0,0,0,50000,202415000,R,R,0.0,69,True,16.61,9.1,16.61,16.62,12.86,7.04,12.86,12.86,29.47,16.13,29.47,29.48
161679,122099161679,West Palm Beach,FL,76600,2022,112782,2022,True,466177000,458467000,456363000,458467000,0,0,63115000,62514000,601000,49919000,47676000,2243000,0,0,0,4245000,454222000,R,R,0.0,58,True,13.77,13.54,13.77,13.9,10.89,10.71,10.89,10.99,24.65,24.25,24.65,24.89
194654,082101194654,Pueblo,CO,62000,2022,112751,2022,True,184923000,145112000,145112000,145112000,0,0,34361000,34289000,72000,20721000,20721000,0,0,0,4601000,0,140511000,I,I,0.828,46,True,23.68,18.58,23.68,24.45,14.28,11.21,14.28,14.75,37.96,29.79,37.96,39.2
170001,332011170001,Manchester,NH,45140,2022,112546,2022,True,521311000,473180000,470858000,266298000,206882000,1887000,27991000,27991000,0,21384000,21384000,0,0,0,32185000,4334000,227892000,R,R,0.387,54,True,5.92,5.37,10.51,12.28,4.52,4.1,8.03,9.38,10.43,9.47,18.54,21.67
176873,532061176873,Everett,WA,22640,2022,112482,2022,True,258886000,200651000,198509000,200651000,0,992000,37740000,36771000,969000,25013000,23877000,1136000,0,0,0,17445000,182214000,R,R,0.0,60,True,18.81,14.58,18.81,20.71,12.47,9.66,12.47,13.73,31.27,24.24,31.27,34.44
211207,062059211207,Costa Mesa,CA,16532,2022,112366,2022,True,163156000,163156000,163156000,163156000,0,0,54741000,54741000,0,30663000,30663000,0,0,0,0,3030000,160126000,R,R,0.009,33,True,33.55,33.55,33.55,34.19,18.79,18.79,18.79,19.15,52.34,52.34,52.34,53.34
161588,122011161588,Pompano Beach,FL,58050,2022,112360,2022,True,355039000,327894000,327894000,327894000,0,0,58607000,52036000,6571000,30925000,29245000,1680000,0,0,2611000,20462000,304821000,R,R,0.0,51,True,17.87,16.51,17.87,19.23,9.43,8.71,9.43,10.15,27.31,25.22,27.31,29.37
161169,062037161169,El Monte,CA,22230,2022,112344,2022,True,175720000,155613000,137705000,155613000,0,0,37687000,36282000,1405000,15592000,15592000,0,0,0,0,513000,155100000,R,R,0.046,50,True,24.22,21.45,24.22,24.3,10.02,8.87,10.02,10.05,34.24,30.32,34.24,34.35
202617,482121202617,Lewisville,TX,42508,2022,112232,2022,True,178754000,154825000,154825000,154825000,0,0,32072000,31831000,241000,24845000,24845000,0,0,0,0,0,154825000,I,I,1.0,43,True,20.72,17.94,20.72,20.72,16.05,13.9,16.05,16.05,36.76,31.84,36.76,36.76
184222,402143184222,Broken Arrow,OK,09050,2022,111648,2022,True,167535000,138310000,138310000,138310000,0,0,29912000,29139000,773000,31140000,29668000,1472000,0,0,0,0,138310000,R,R,0.0,48,True,21.63,17.85,21.63,21.63,22.51,18.59,22.51,22.51,44.14,36.44,44.14,44.14
123096,062013123096,Antioch,CA,02252,2022,111605,2022,True,135044000,101012000,101012000,101012000,0,0,46506000,46022000,484000,0,0,0,0,0,56000,2493000,98463000,R,-,0.0,44,True,46.04,34.44,46.04,47.23,0.0,0.0,0.0,0.0,46.04,34.44,46.04,47.23
211253,412067211253,Hillsboro,OR,34100,2022,110985,2022,True,381232000,310411000,274179000,310411000,0,0,40093000,39961000,132000,28968000,28968000,0,0,0,0,0,310411000,R,R,0.0,50,True,12.92,10.52,12.92,12.92,9.33,7.6,9.33,9.33,22.25,18.12,22.25,22.25
166449,252017166449,Lowell,MA,37000,2022,110904,2022,True,578741000,570684000,558415000,208226000,362458000,501000,29834000,29473000,361000,22618000,22510000,108000,0,0,0,3300000,204425000,R,R,0.0,58,True,5.23,5.15,14.33,14.59,3.96,3.91,10.86,11.06,9.19,9.06,25.19,25.66
102716,172089102716,Elgin,IL,23074,2022,110196,2022,True,177040000,157002000,150499000,157002000,0,997000,51280000,51280000,0,31738000,30511000,1227000,0,0,0,0,156005000,R,R,0.0,42,True,32.66,28.97,32.66,32.87,20.22,17.93,20.22,20.34,52.88,46.89,52.88,53.21
212209,082005212209,Centennial,CO,12815,2022,110156,2022,True,73793000,73793000,73793000,73793000,0,0,21855000,21855000,0,0,0,0,0,0,0,0,73793000,R,-,0.001,19,False,,,,,,,,,,,,
161135,062013161135,Richmond,CA,60620,2022,110038,2022,True,262320000,260959000,260959000,260959000,0,0,62889000,62871000,18000,33881000,33881000,0,0,0,1065000,0,259894000,R,R,0.0,49,True,24.1,23.97,24.1,24.2,12.98,12.92,12.98,13.04,37.08,36.89,37.08,37.23
173685,412051173685,Gresham,OR,31250,2022,110031,2022,True,181302000,160731000,156994000,160731000,0,0,26922000,26293000,629000,26160000,26160000,0,0,0,0,0,160731000,R,R,0.0,52,True,16.75,14.85,16.75,16.75,16.28,14.43,16.28,16.28,33.03,29.28,33.03,33.03
216510,132121216510,Sandy Springs,GA,68516,2022,109928,2022,True,139036000,139036000,139036000,139036000,0,0,31489000,23759000,7730000,14166000,14119000,47000,0,0,0,0,139036000,R,R,0.0,41,True,22.65,22.65,22.65,22.65,10.19,10.19,10.19,10.19,32.84,32.84,32.84,32.84
228280,062065228280,Jurupa Valley,CA,37692,2022,109745,2022,True,63583000,63583000,63583000,63583000,0,0,22000000,22000000,0,283000,283000,0,0,0,0,1037000,62546000,R,R,0.009,29,False,,,,,,,,,,,,
108127,302111108127,Billings,MT,06550,2022,109736,2022,True,198491000,167213000,167213000,167213000,0,0,27261000,26861000,400000,23592000,21979000,1613000,0,0,24825000,926000,141462000,R,AR,0.0,55,True,16.3,13.73,16.3,19.27,14.11,11.89,14.11,16.68,30.41,25.62,30.41,35.95
193205,172143193205,Peoria,IL,59000,2022,109428,2022,True,178997000,178997000,178997000,178997000,0,0,44248000,43916000,332000,35445000,35138000,307000,0,0,0,0,178997000,R,R,0.0,34,True,24.72,24.72,24.72,24.72,19.8,19.8,19.8,19.8,44.52,44.52,44.52,44.52
209555,482085209555,Allen,TX,01924,2022,109379,2022,True,210407000,170536000,170536000,170536000,0,246000,35754000,32315000,3439000,24685000,19466000,5219000,0,0,0,290000,170000000,I,I,1.0,44,True,20.97,16.99,20.97,21.03,14.47,11.73,14.47,14.52,35.44,28.72,35.44,35.55
183829,062037183829,Downey,CA,19766,2022,109202,2022,True,183396000,164342000,164342000,164342000,0,0,42951000,40463000,2488000,20473000,20473000,0,0,0,0,6843000,157499000,R,R,0.043,45,True,26.14,23.42,26.14,27.27,12.46,11.16,12.46,13.0,38.59,34.58,38.59,40.27
214783,122086214783,Miami Gardens,FL,45060,2022,109131,2022,True,94213000,94213000,94213000,94213000,0,0,41139000,40389000,750000,0,0,0,0,0,0,0,94213000,R,-,0.0,39,True,43.67,43.67,43.67,43.67,0.0,0.0,0.0,0.0,43.67,43.67,43.67,43.67
207635,082123207635,Greeley,CO,32155,2022,108958,2022,True,275268000,183539000,183539000,183539000,0,0,31640000,31638000,2000,20412000,19854000,558000,0,0,0,0,183539000,R,R,0.0,57,True,17.24,11.49,17.24,17.24,11.12,7.42,11.12,11.12,28.36,18.91,28.36,28.36
176142,482167176142,League,TX,41980,2022,108477,2022,True,183196000,136727000,136727000,136727000,0,0,24114000,23623000,491000,3926000,3926000,0,0,0,0,5307000,131420000,R,R,0.0,42,True,17.64,13.16,17.64,18.35,2.87,2.14,2.87,2.99,20.51,15.31,20.51,21.34
135275,482423135275,Tyler,TX,74144,2022,108222,2022,True,187053000,152347000,152347000,152347000,0,0,31959000,31451000,508000,21643000,20843000,800000,0,0,3226000,1318000,147803000,I,I,1.0,63,True,20.98,17.09,20.98,21.62,14.21,11.57,14.21,14.64,35.18,28.66,35.18,36.27
161337,082013161337,Boulder,CO,07850,2022,107645,2022,True,265269000,233804000,233804000,233804000,0,0,38527000,38527000,0,23418000,23418000,0,0,0,1010000,3563000,229231000,R,R,0.035,48,True,16.48,14.52,16.48,16.81,10.02,8.83,10.02,10.22,26.49,23.35,26.49,27.02
123110,062037123110,Inglewood,CA,36546,2022,107203,2022,True,444610000,413229000,303916000,413229000,0,0,76579000,74643000,1936000,18705000,18705000,0,0,0,0,2696000,410533000,R,R,0.023,55,True,18.53,17.22,18.53,18.65,4.53,4.21,4.53,4.56,23.06,21.43,23.06,23.21
161300,062111161300,San Buenaventura,CA,65042,2022,107110,2022,True,206025000,170803000,170803000,170803000,0,0,47660000,47302000,358000,27200000,27200000,0,0,0,0,773000,170030000,R,R,0.027,45,True,27.9,23.13,27.9,28.03,15.92,13.2,15.92,16.0,43.83,36.34,43.83,44.03
108910,322031108910,Sparks,NV,68400,2022,106900,2022,True,142433000,142433000,142433000,142433000,0,62000,37015000,36544000,471000,21471000,21436000,35000,0,0,0,0,142371000,R,R,0.0,46,True,25.99,25.99,25.99,26.0,15.07,15.07,15.07,15.08,41.06,41.06,41.06,41.08
101696,092140101696,Waterbury,CT,80000,2022,106826,2022,True,707151000,691530000,685128000,318304000,373226000,6107000,39720000,39720000,0,21768000,21768000,0,0,0,0,5013000,307184000,R,R,0.0,45,True,5.74,5.62,12.48,12.93,3.15,3.08,6.84,7.09,8.89,8.7,19.32,20.02
161594,122011161594,Davie,FL,16475,2022,106621,2022,True,213469000,186424000,186424000,186424000,0,0,51597000,50575000,1022000,24586000,22675000,1911000,0,0,0,27971000,158453000,R,R,0.0,52,True,27.68,24.17,27.68,32.56,13.19,11.52,13.19,15.52,40.87,35.69,40.87,48.08
211215,062081211215,Daly,CA,17918,2022,105868,2022,True,154102000,140020000,140020000,140020000,0,0,40306000,40099000,207000,28722000,28722000,0,0,0,0,0,140020000,R,R,0.004,43,True,28.79,26.16,28.79,28.79,20.51,18.64,20.51,20.51,49.3,44.79,49.3,49.3
161273,062083161273,Santa Maria,CA,69196,2022,105851,2022,True,201727000,166376000,166376000,166376000,0,0,38292000,37780000,512000,19117000,19117000,0,0,0,0,14138000,152238000,R,R,0.0,48,True,23.02,18.98,23.02,25.15,11.49,9.48,11.49,12.56,34.51,28.46,34.51,37.71
135295,482485135295,Wichita Falls,TX,79000,2022,105405,2022,True,187762000,146781000,146781000,146781000,0,0,28637000,28637000,0,19428000,19428000,0,0,0,2066000,6483000,138232000,I,I,1.0,55,True,19.51,15.25,19.51,20.72,13.24,10.35,13.24,14.05,32.75,25.6,32.75,34.77
208793,352013208793,Las Cruces,NM,39380,2022,105096,2022,True,250709000,183316000,183289000,183316000,0,0,29890000,26544000,3346000,20669000,19909000,760000,0,0,2142000,885000,180289000,R,R,0.0,64,True,16.31,11.92,16.31,16.58,11.28,8.24,11.28,11.46,27.58,20.17,27.58,28.04
123146,062071123146,Rialto,CA,60466,2022,104132,2022,True,229950000,215698000,192517000,215698000,0,0,43894000,42997000,897000,23508000,23478000,30000,0,0,4000,4449000,211245000,R,R,0.0,53,True,20.35,19.09,20.35,20.78,10.9,10.22,10.9,11.13,31.25,29.31,31.25,31.91
177090,552009177090,Green Bay,WI,31000,2022,103836,2022,True,223656000,179879000,177422000,179879000,0,0,28713000,28133000,580000,28378000,27490000,888000,0,0,0,488000,179391000,R,R,0.0,61,True,15.96,12.84,15.96,16.01,15.78,12.69,15.78,15.82,31.74,25.53,31.74,31.82
100689,062037100689,West Covina,CA,84200,2022,103656,2022,True,126848000,123946000,123946000,123946000,0,0,30041000,30041000,0,20639000,20639000,0,0,0,0,10744000,113202000,R,R,0.161,34,True,24.24,23.68,24.24,26.54,16.65,16.27,16.65,18.23,40.89,39.95,40.89,44.77
162062,162027162062,Nampa,ID,56260,2022,103215,2022,True,133656000,125061000,125061000,125061000,0,0,23852000,23852000,0,14433000,14433000,0,0,0,560000,0,124501000,I,I,0.97,44,True,19.07,17.85,19.07,19.16,11.54,10.8,11.54,11.59,30.61,28.64,30.61,30.75
213591,532063213591,Spokane Valley,WA,67167,2022,102893,2022,True,65725000,65725000,65553000,65725000,0,2170000,25134000,22812000,2322000,0,0,0,0,0,0,490000,63065000,R,-,0.0,50,True,38.24,38.24,38.24,39.85,0.0,0.0,0.0,0.0,38.24,38.24,38.24,39.85
161130,062007161130,Chico,CA,13014,2022,102867,2022,True,144189000,139464000,139464000,139464000,0,0,31833000,29573000,2260000,15549000,15549000,0,0,0,623000,1062000,137779000,R,R,0.006,43,True,22.83,22.08,22.83,23.1,11.15,10.78,11.15,11.29,33.97,32.86,33.97,34.39
160723,012125160723,Tuscaloosa,AL,77256,2022,102819,2022,True,246567000,226048000,219768000,226048000,0,796000,37480000,32925000,4555000,38794000,38794000,0,0,0,7989000,104000,217159000,R,R,0.0,47,True,16.58,15.2,16.58,17.26,17.16,15.73,17.16,17.86,33.74,30.93,33.74,35.12
123117,062037123117,Norwalk,CA,52526,2022,102635,2022,True,120812000,102157000,102157000,102157000,0,0,20487000,20104000,383000,0,0,0,0,0,0,11303000,90854000,R,-,0.0,46,True,20.05,16.96,20.05,22.55,0.0,0.0,0.0,0.0,20.05,16.96,20.05,22.55
247337,132121247337,South Fulton,GA,72122,2022,102567,2022,True,285892000,264161000,262831000,264161000,0,147000,25180000,23939000,1241000,0,0,0,0,0,0,438000,263576000,I,-,1.0,54,True,9.53,8.81,9.53,9.55,0.0,0.0,0.0,0.0,9.53,8.81,9.53,9.55
183842,062073183842,El Cajon,CA,21712,2022,102401,2022,True,169781000,169781000,132978000,169781000,0,0,37302000,35066000,2236000,17605000,16651000,954000,0,0,0,1367000,168414000,R,R,0.038,43,True,21.97,21.97,21.97,22.15,10.37,10.37,10.37,10.45,32.34,32.34,32.34,32.6
123157,062081123157,San Mateo,CA,68252,2022,102398,2022,True,315368000,315368000,315368000,315368000,0,0,52676000,52387000,289000,25223000,25223000,0,0,0,0,605000,314763000,R,R,0.0,46,True,16.7,16.7,16.7,16.74,8.0,8.0,8.0,8.01,24.7,24.7,24.7,24.75
113634,482215113634,Edinburg,TX,22660,2022,102374,2022,True,119224000,106860000,106860000,106860000,0,0,19786000,19440000,346000,4871000,4773000,98000,0,0,739000,2203000,103918000,I,I,1.0,57,True,18.52,16.6,18.52,19.04,4.56,4.09,4.56,4.69,23.07,20.68,23.07,23.73
193960,412017193960,Bend,OR,05800,2022,101886,2022,True,198849000,182216000,182216000,182216000,0,0,26935000,26162000,773000,35516000,24638000,10878000,0,0,772000,0,181444000,R,R,0.077,50,True,14.78,13.55,14.78,14.84,19.49,17.86,19.49,19.57,34.27,31.41,34.27,34.42
126081,182141126081,South Bend,IN,71000,2022,101868,2022,True,276942000,250394000,250394000,250394000,0,0,53059000,52942000,117000,32615000,32615000,0,0,0,0,1997000,248397000,R,R,0.0,52,True,21.19,19.16,21.19,21.36,13.03,11.78,13.03,13.13,34.22,30.94,34.22,34.49
184443,062037184443,Burbank,CA,08954,2022,101866,2022,True,425397000,257507000,257507000,257507000,0,0,60746000,57989000,2757000,26199000,26199000,0,0,0,0,16479000,241028000,R,R,0.0,54,True,23.59,14.28,23.59,25.2,10.17,6.16,10.17,10.87,33.76,20.44,33.76,36.07
208060,192163208060,Davenport,IA,19000,2022,101799,2022,True,160204000,153463000,153463000,153463000,0,0,29253000,29253000,0,21036000,21036000,0,0,0,316000,0,153147000,R,R,0.0,42,True,19.06,18.26,19.06,19.1,13.71,13.13,13.71,13.74,32.77,31.39,32.77,32.84
126027,182057126027,Carmel,IN,10342,2022,101643,2022,True,216776000,195942000,195942000,195942000,0,2000,26980000,25324000,1656000,30980000,30980000,0,0,0,0,1357000,194583000,R,R,0.0,42,True,13.77,12.45,13.77,13.87,15.81,14.29,15.81,15.92,29.58,26.74,29.58,29.79
135285,482451135285,San Angelo,TX,64472,2022,101612,2022,True,144127000,124800000,124794000,124800000,0,441000,23161000,21983000,1178000,20169000,19786000,383000,0,0,3583000,1355000,119421000,R,R,0.0,60,True,18.56,16.07,18.56,19.39,16.16,13.99,16.16,16.89,34.72,30.06,34.72,36.28
136110,532033136110,Renton,WA,57745,2022,101494,2022,True,230976000,217318000,217235000,217318000,0,32186000,36122000,35972000,150000,0,0,0,0,0,2834000,579000,181719000,R,-,0.0,61,True,16.62,15.64,16.62,19.88,0.0,0.0,0.0,0.0,16.62,15.64,16.62,19.88
168926,292095168926,Lees Summit,MO,41348,2022,101467,2022,True,137037000,124644000,124644000,124644000,0,29000,22381000,22381000,0,21558000,21558000,0,0,0,4203000,0,120412000,R,R,0.086,43,True,17.96,16.33,17.96,18.59,17.3,15.73,17.3,17.9,35.25,32.06,35.25,36.49
161286,062095161286,Vacaville,CA,81554,2022,101332,2022,True,253391000,227037000,227037000,227037000,0,0,55762000,55757000,5000,19510000,19510000,0,0,0,0,16972000,210065000,R,R,0.0,41,True,24.56,22.01,24.56,26.55,8.59,7.7,8.59,9.29,33.15,29.71,33.15,35.83
211981,062073211981,Vista,CA,82996,2022,100636,2022,True,311639000,311639000,290901000,311639000,0,0,28706000,28706000,0,19275000,19115000,160000,0,0,0,10872000,300767000,R,R,0.0,48,True,9.21,9.21,9.21,9.54,6.19,6.19,6.19,6.41,15.4,15.4,15.4,15.95
170404,352043170404,Rio Rancho,NM,63460,2022,99885,2022,True,141457000,116603000,116363000,116603000,0,107000,23064000,22414000,650000,15124000,14596000,528000,0,0,0,1104000,115392000,R,R,0.0,57,True,19.78,16.3,19.78,19.99,12.97,10.69,12.97,13.11,32.75,27.0,32.75,33.09
110047,372025110047,Concord,NC,14100,2022,98500,2022,True,330042000,162946000,162873000,162946000,0,0,29837000,28402000,1435000,33084000,26039000,7045000,0,0,14962000,253000,147731000,R,R,0.0,68,True,18.31,9.04,18.31,20.2,20.3,10.02,20.3,22.39,38.61,19.06,38.61,42.59
194651,082013194651,Longmont,CO,45970,2022,98445,2022,True,310656000,165968000,165968000,165968000,0,0,40174000,39751000,423000,13865000,13865000,0,0,0,441000,560000,164967000,R,R,0.03,61,True,24.21,12.93,24.21,24.35,8.35,4.46,8.35,8.4,32.56,17.4,32.56,32.76
103799,182057103799,Fishers,IN,23278,2022,97020,2022,True,99819000,99819000,99554000,99819000,0,0,18296000,18265000,31000,20786000,20650000,136000,0,0,0,836000,98983000,R,R,0.161,40,True,18.33,18.33,18.33,18.48,20.82,20.82,20.82,21.0,39.15,39.15,39.15,39.48
187683,482339187683,Conroe,TX,16432,2022,96214,2022,True,257780000,157624000,157624000,157624000,0,0,23868000,23180000,688000,21377000,21061000,316000,0,0,0,0,157624000,R,R,0.0,48,True,15.14,9.26,15.14,15.14,13.56,8.29,13.56,13.56,28.7,17.55,28.7,28.7
166455,252023166455,Brockton,MA,09000,2022,95770,2022,True,614823000,597043000,587851000,231364000,365679000,848000,29500000,29500000,0,31150000,31150000,0,0,0,0,1203000,229313000,R,R,0.0,59,True,4.94,4.8,12.75,12.86,5.22,5.07,13.46,13.58,10.16,9.86,26.21,26.45
176060,482091176060,New Braunfels,TX,50820,2022,95534,2022,True,499465000,242470000,233858000,242470000,0,0,20794000,20794000,0,21214000,21214000,0,0,0,2724000,1364000,238382000,I,I,0.307,49,True,8.58,4.16,8.58,8.72,8.75,4.25,8.75,8.9,17.33,8.41,17.33,17.62
166441,252005166441,New Bedford,MA,45000,2022,95517,2022,True,463830000,453241000,443173000,167822000,285419000,2007000,27676000,26867000,809000,21649000,20814000,835000,0,0,661000,4827000,160327000,R,R,0.0,65,True,6.11,5.97,16.49,17.26,4.78,4.67,12.9,13.5,10.88,10.63,29.39,30.77
170440,362001170440,Albany,NY,01000,2022,95429,2022,True,203536000,203536000,203496000,203536000,0,0,70302000,67242000,3060000,39395000,38760000,635000,0,0,0,583000,202953000,R,R,0.0,45,True,34.54,34.54,34.54,34.64,19.36,19.36,19.36,19.41,53.9,53.9,53.9,54.05
106055,252009106055,Lynn,MA,37490,2022,94539,2022,True,504962000,504910000,495703000,154864000,350046000,832000,22099000,22099000,0,22032000,22032000,0,0,0,0,14000,154018000,R,R,0.0,45,True,4.38,4.38,14.27,14.35,4.36,4.36,14.23,14.3,8.74,8.74,28.5,28.65
166454,252021166454,Quincy,MA,55745,2022,94421,2022,True,595697000,567742000,560681000,340267000,227475000,1211000,32573000,32573000,0,29069000,29069000,0,0,0,0,1207000,337849000,R,R,0.0,58,True,5.74,5.47,9.57,9.64,5.12,4.88,8.54,8.6,10.86,10.35,18.12,18.25
194789,262163194789,Dearborn,MI,21000,2022,93367,2022,True,299682000,274686000,244130000,274686000,0,0,46796000,45016000,1780000,31966000,31891000,75000,0,0,0,75000,274611000,R,R,0.0,54,True,17.04,15.62,17.04,17.04,11.64,10.67,11.64,11.64,28.67,26.28,28.67,28.68
184202,492053184202,St George,UT,65330,2022,92378,2022,True,241236000,148828000,148828000,148828000,0,0,17346000,16010000,1336000,10561000,5485000,5076000,0,0,2842000,0,145986000,R,R,0.0,65,True,11.66,7.19,11.66,11.88,7.1,4.38,7.1,7.23,18.75,11.57,18.75,19.12
122748,042013122748,Goodyear,AZ,28380,2022,90622,2022,True,187163000,163001000,163001000,163001000,0,0,32446000,32446000,0,25277000,25277000,0,0,0,0,0,163001000,R,R,0.0,38,True,19.91,17.34,19.91,19.91,15.51,13.51,15.51,15.51,35.41,30.84,35.41,35.41
160830,042013160830,Buckeye,AZ,07940,2022,85224,2022,True,206740000,167367000,167367000,167367000,0,0,25042000,25042000,0,17998000,17998000,0,0,0,1021000,0,166346000,R,R,0.0,47,True,14.96,12.11,14.96,15.05,10.75,8.71,10.75,10.82,25.72,20.82,25.72,25.87
