city,state,fiscal_year,cityonly_police_fire_pct_general,fisc_police_fire_pct_general,fisc_police_usd,fisc_fire_usd,fisc_general_expenditure_usd,census_flags
Anchorage,AK,2012,17.39,17.39,123925565,90762795,1234531844,R/R
Anchorage,AK,2017,17.7,17.7,132306942,114613104,1395348236,R/R
Anchorage,AK,2022,14.64,14.64,147981253,124502164,1861266564,R/R
Anchorage,AK,2023,16.78,16.78,153006643,121376568,1635106114,R/R
Birmingham,AL,2012,28.51,13.24,87724674,57729122,1098960681,R/R
Birmingham,AL,2017,30.47,16.17,111320583,65156503,1091397380,R/R
Birmingham,AL,2022,34.48,16.7,117309630,75117876,1152421844,R/R
Birmingham,AL,2023,34.93,17.99,136495601,85410414,1233729395,R/R
Mobile,AL,2012,19.11,10.7,61486566,24719355,805469783,R/R
Mobile,AL,2017,21.73,11.68,64508381,31196979,819539077,R/R
Mobile,AL,2022,29.75,14.2,85896269,38137243,873343269,R/R
Mobile,AL,2023,24.2,11.52,88357012,34698588,1067929659,R/R
Montgomery,AL,2012,36.04,10.43,55345853,32012793,837662918,R/R
Montgomery,AL,2017,36.22,9.39,56253164,33295752,953224071,R/R
Montgomery,AL,2022,36.36,8.57,62658695,33446414,1120879627,R/R
Montgomery,AL,2023,49.38,9.72,69544082,46555247,1194128199,R/R
Little Rock,AR,2012,26.65,12.38,60272119,39865464,809129395,R/R
Little Rock,AR,2017,24.41,13.19,77088447,50119399,964453562,R/R
Little Rock,AR,2022,24.49,13.95,86545738,57316627,1031388649,R/R
Little Rock,AR,2023,24.97,12.74,84800062,58598047,1125213911,R/R
Mesa,AZ,2012,38.85,17.84,168491156,76112034,1371358709,R/R
Mesa,AZ,2017,36.91,18.08,192979159,84141992,1533105849,R/R
Mesa,AZ,2022,46.09,18.91,255589725,120839175,1990696269,R/R
Mesa,AZ,2023,36.74,16.07,247641242,94938710,2131213365,RS/S
Phoenix,AZ,2012,29.26,14.47,507490129,283469739,5467878326,R/R
Phoenix,AZ,2017,30.26,14.46,498499591,310015539,5592316117,R/R
Phoenix,AZ,2022,30.22,13.04,552331765,364948539,7036290865,R/R
Phoenix,AZ,2023,33.69,15.19,745818112,396561280,7521900672,R/R
Tucson,AZ,2012,34.63,15.41,217630858,77621633,1916342286,R/R
Tucson,AZ,2017,43.78,19.75,262658391,97475178,1823787877,R/RS
Tucson,AZ,2022,55.25,23.21,339046281,118304360,1970280206,R/R
Tucson,AZ,2023,34.51,17.02,273601131,102690073,2210647866,RS/S
Anaheim,CA,2012,24.85,11.43,133872424,55156660,1654381574,R/R
Anaheim,CA,2017,30.73,13.35,182106581,69669628,1885482963,R/R
Anaheim,CA,2022,31.54,14.7,265992731,84776303,2385877202,R/R
Anaheim,CA,2023,32.11,15.29,312325108,98393869,2686138187,R/R
Bakersfield,CA,2012,27.02,10.67,108469497,82203234,1787502747,R/R
Bakersfield,CA,2017,26.15,10.99,136347567,92278666,2080504131,IR/IR
Bakersfield,CA,2022,32.32,8.35,197552049,53003880,2998973286,R/R
Bakersfield,CA,2023,35.64,8.59,223893392,56753910,3265328094,R/R
Fremont,CA,2012,41.14,11.04,81335111,46760895,1160137748,R/R
Fremont,CA,2017,41.16,9.93,87322213,60792517,1492301054,R/R
Fremont,CA,2022,43.06,10.87,118993508,81901069,1848214788,R/R
Fremont,CA,2023,43.7,11.1,133091411,88001575,1992462870,R/R
Fresno,CA,2012,38.31,9.48,191338324,55074685,2599214448,R/R
Fresno,CA,2017,43.29,8.85,234600663,53438004,3253301636,R/R
Fresno,CA,2022,35.19,9.57,382937789,80500524,4843468204,R/R
Fresno,CA,2023,28.73,7.4,308648077,79375538,5244080508,R/R
Huntington Beach,CA,2012,42.67,16.21,85051374,33713757,732867513,R/R
Huntington Beach,CA,2017,46.93,16.92,103514501,40875255,853245933,R/IR
Huntington Beach,CA,2022,40.56,17.26,150852473,48663122,1156017497,R/R
Huntington Beach,CA,2023,40.9,17.33,168187992,52677440,1274638218,R/R
Long Beach,CA,2012,14.97,10.68,270745514,101255387,3483200700,R/R
Long Beach,CA,2017,18.59,11.9,330896860,118923125,3780967716,R/R
Long Beach,CA,2022,17.92,11.17,373720415,161434909,4789407582,R/R
Long Beach,CA,2023,18.82,11.07,387936681,163818398,4985175052,R/R
Los Angeles,CA,2012,24.73,12.4,2269905125,767252966,24487495358,R/R
Los Angeles,CA,2017,24.32,12.5,2565010030,892061129,27665356175,RS/R
Los Angeles,CA,2022,27.53,13.91,3863204219,1369923006,37632683892,R/R
Los Angeles,CA,2023,24.99,13.28,4098626900,1400309890,41420164600,R/R
Modesto,CA,2012,34.93,9.74,62001615,24822486,891365498,R/R
Modesto,CA,2017,40.02,10.12,76439468,31847652,1069734154,R/R
Modesto,CA,2022,39.42,11.16,105873280,53511022,1427591332,R/R
Modesto,CA,2023,41.46,10.74,108886816,61542822,1586445681,R/R
Oakland,CA,2012,22.9,9.73,221997558,137231550,3692729116,R/R
Oakland,CA,2017,30.97,11.3,303873205,175671240,4243958677,R/R
Oakland,CA,2022,28.67,10.83,362277269,221739903,5391699092,R/R
Oakland,CA,2023,29.45,12.48,389921101,231075836,4977692960,R/R
Riverside,CA,2012,26.35,12.59,136201066,73416048,1665504945,R/R
Riverside,CA,2017,36.01,10.77,158333508,76594211,2180411854,R/R
Riverside,CA,2022,39.06,10.9,192676563,101983763,2702731144,R/R
Riverside,CA,2023,40.73,11.55,225412944,111436328,2915687137,R/R
Sacramento,CA,2012,29.22,10.61,189378144,87322888,2607018871,R/R
Sacramento,CA,2017,34.99,11.74,248753170,114909684,3097864646,R/R
Sacramento,CA,2022,26.31,12.21,380689529,171675200,4525226839,R/R
Sacramento,CA,2023,26.29,11.95,403858726,173552593,4832141349,R/R
San Diego,CA,2012,19.99,9.04,413539715,171139419,6466887200,R/R
San Diego,CA,2017,18.33,9.11,538562224,195173193,8051603804,I/R
San Diego,CA,2022,21.18,10.96,882627825,347148016,11224250019,R/R
San Diego,CA,2023,18.56,10.13,885023742,378595573,12478850034,R/R
San Francisco,CA,2012,10.91,8.8,377910304,241081771,7033743817,R/R
San Francisco,CA,2017,8.3,7.24,524927042,302891322,11438246245,R/R
San Francisco,CA,2022,8.73,7.69,770879862,494187096,16448517862,R/R
San Francisco,CA,2023,7.85,7.02,799219587,471546314,18110449526,R/R
San Jose,CA,2012,26.85,9.04,314142392,175819863,5422117541,R/R
San Jose,CA,2017,24.44,7.7,335628017,205143010,7021598520,R/R
San Jose,CA,2022,31.72,9.54,618024464,343234855,10080237950,R/R
San Jose,CA,2023,31.34,9.2,646325593,357780393,10917262723,R/R
Santa Ana,CA,2012,43.86,12.54,142818997,53253997,1563202989,R/R
Santa Ana,CA,2017,41.89,11.55,164559944,38743880,1759539216,IR/IR
Santa Ana,CA,2022,23.27,10.97,228747368,47858947,2521774022,R/R
Santa Ana,CA,2023,25.06,10.86,245656705,50800477,2729851482,R/R
Stockton,CA,2012,37.57,11.28,120968393,46400880,1483246643,R/R
Stockton,CA,2017,52.52,11.72,149984798,44805861,1662036586,R/R
Stockton,CA,2022,40.88,10.48,192745853,58951048,2400788135,R/R
Stockton,CA,2023,43.07,10.84,205026971,66212685,2502189040,R/R
Aurora,CO,2012,32.21,10.83,110652259,37584870,1369220434,R/R
Aurora,CO,2017,32.8,11.4,133657028,46980847,1584105124,R/R
Aurora,CO,2022,27.02,9.83,163695005,67642595,2352942664,R/R
Aurora,CO,2023,27.03,9.58,174444994,77950636,2633996837,R/R
Colorado Springs,CO,2012,13.36,8.66,124941387,40972682,1916269474,R/R
Colorado Springs,CO,2017,29.41,11.83,141195087,49590614,1612153028,R/R
Colorado Springs,CO,2022,26.88,11.21,190388274,64141081,2269944188,R/R
Colorado Springs,CO,2023,26.17,10.54,195371553,70198838,2519323591,R/R
Denver,CO,2012,13.04,7.12,225207001,112049678,4735343247,I/R
Denver,CO,2017,12.11,6.22,236679709,127074963,5847397525,R/R
Denver,CO,2022,8.3,4.73,262035266,124556106,8169475468,R/R
Denver,CO,2023,10.11,5.4,266196215,179205997,8251525093,R/R
Bridgeport,CT,2012,19.97,18.37,92162761,53912588,795396534,R/R
Bridgeport,CT,2017,21.39,19.75,110359520,64697817,886427106,R/R
Bridgeport,CT,2022,23.22,20.92,107218435,76835277,879745345,R/R
Bridgeport,CT,2023,21.77,19.55,101416450,78445855,919909746,R/R
Hartford,CT,2012,11.79,10.35,65413795,25806361,881677014,R/R
Hartford,CT,2017,9.46,7.99,55010963,16679184,897288359,R/R
Hartford,CT,2022,10.03,9.54,55223039,39166930,989165394,R/R
Hartford,CT,2023,9.22,8.53,56529647,38502828,1114026440,R/R
New Haven,CT,2012,8.56,7.62,37783541,31301602,906880898,R/R
New Haven,CT,2017,8.51,7.69,41376304,31813398,951837560,R/R
New Haven,CT,2022,8.29,7.45,43747487,36835516,1081837539,R/R
New Haven,CT,2023,8.41,7.57,46064622,37113523,1099215385,R/R
Washington,DC,2012,7.2,7.13,563761907,211470892,10871085466,R/R
Washington,DC,2017,6.81,6.75,639314097,281618573,13638815046,R/R
Washington,DC,2022,5.45,5.42,672158221,379191393,19410362028,R/R
Washington,DC,2023,5.7,5.66,716394620,385151267,19457873925,R/R
Ft. Lauderdale,FL,2012,47.69,20.73,134958469,80240164,1037886387,R/R
Ft. Lauderdale,FL,2017,41.89,19.42,143248429,79748242,1147989787,R/R
Ft. Lauderdale,FL,2022,37.09,18.15,181760101,111829256,1617317421,R/R
Ft. Lauderdale,FL,2023,38.04,18.55,198867769,114414567,1689272862,R/R
Hialeah,FL,2012,40.76,12.7,94969252,70288007,1301440235,R/R
Hialeah,FL,2017,40.84,14.8,105724509,79492509,1251381857,R/R
Hialeah,FL,2022,42.33,15.7,131784950,107288289,1523022572,R/R
Hialeah,FL,2023,41.43,14.7,128677816,106469167,1599791787,R/R
Jacksonville,FL,2012,26.59,15.81,314029295,167957385,3048964315,R/R
Jacksonville,FL,2017,30.49,17.15,369920881,164813650,3117752219,R/R
Jacksonville,FL,2022,23.91,15.95,521796590,218881003,4644230469,R/R
Jacksonville,FL,2023,22.53,15.07,552954422,247877881,5315585292,R/R
Miami,FL,2012,32.26,14.58,221270528,145512004,2516480819,R/R
Miami,FL,2017,40.54,19.99,338803161,190032748,2645670604,R/R
Miami,FL,2022,35.9,19.89,401976554,289978950,3478780291,R/R
Miami,FL,2023,36.83,19.7,433131884,296978882,3705955904,R/R
Orlando,FL,2012,33.31,19.75,164494361,117099609,1426123646,R/R
Orlando,FL,2017,30.71,18.51,198066127,141331692,1834034542,R/R
Orlando,FL,2022,27.24,17.54,258925984,178833753,2495918130,R/R
Orlando,FL,2023,24.91,16.31,252920699,162668851,2548782602,R/R
St. Petersburg,FL,2012,30.26,16.89,139152007,33477563,1021921693,R/R
St. Petersburg,FL,2017,31.0,17.33,164011360,37121337,1160602176,R/R
St. Petersburg,FL,2022,25.62,18.31,223106699,44643281,1462546805,R/R
St. Petersburg,FL,2023,25.82,18.6,242024219,45541472,1546441282,R/R
Tallahassee,FL,2012,21.71,15.15,73497735,36311693,724682375,R/R
Tallahassee,FL,2017,28.79,18.09,82847058,46394900,714256757,R/R
Tallahassee,FL,2022,18.21,14.49,99104942,57078199,1077891993,R/R
Tallahassee,FL,2023,19.41,15.36,113962580,58558343,1122922587,R/R
Tampa,FL,2012,35.52,15.17,212050308,105601632,2093521618,R/R
Tampa,FL,2017,31.87,14.36,217266904,113814206,2306002216,R/R
Tampa,FL,2022,23.02,13.18,260753936,153940619,3145390190,R/R
Tampa,FL,2023,21.42,14.13,325228604,165435619,3473449201,R/R
Atlanta,GA,2012,16.87,10.29,197645325,94102996,2836518068,R/R
Atlanta,GA,2017,19.21,11.46,272848693,89913022,3165424481,R/R
Atlanta,GA,2022,23.17,10.94,255150722,103164268,3275157782,R/R
Atlanta,GA,2023,22.57,11.15,290379537,110004755,3590657257,R/R
Columbus,GA,2012,21.83,9.77,48703486,26925349,773980514,R/R
Columbus,GA,2017,25.71,10.73,50575166,29244445,743964203,R/R
Columbus,GA,2022,26.79,11.88,68519300,38100860,897277016,R/R
Columbus,GA,2023,25.08,10.7,61573580,38059172,930939922,R/R
Savannah,GA,2012,28.79,10.65,79647586,24586155,978774057,R/R
Savannah,GA,2017,26.82,10.35,85159290,32114499,1132942842,R/R
Savannah,GA,2022,17.42,7.42,79465605,34377958,1534651876,R/R
Savannah,GA,2023,20.42,7.58,83187124,36518645,1578614354,R/R
Cedar Rapids,IA,2012,11.18,8.73,38158090,18205686,645512118,R/R
Cedar Rapids,IA,2017,18.94,13.44,51149351,20747518,535047920,R/R
Cedar Rapids,IA,2022,17.07,11.53,59842998,23467326,722841047,R/R
Cedar Rapids,IA,2023,16.47,11.53,64328776,24774578,772889651,R/R
Des Moines,IA,2012,22.98,10.44,65370576,45599252,1062934714,R/R
Des Moines,IA,2017,24.33,10.05,72046310,41052336,1125266456,R/R
Des Moines,IA,2022,21.15,9.35,84930680,47645284,1418465850,R/R
Des Moines,IA,2023,19.69,9.08,87824814,50615343,1524508227,R/R
Boise,ID,2012,32.03,19.05,71964247,40705754,591412937,R/R
Boise,ID,2017,30.93,17.04,77082872,45037509,716535910,I/I
Boise,ID,2022,26.38,15.67,92065073,60424925,973408711,R/R
Boise,ID,2023,25.49,15.46,108461286,64391018,1117702990,R/R
Nampa,ID,2012,33.77,17.65,23729319,10802264,195603531,R/R
Nampa,ID,2017,36.11,17.45,24196808,12455750,210076958,I/I
Nampa,ID,2022,30.61,15.36,30830061,14432487,294756967,I/I
Nampa,ID,2023,25.32,14.67,35408640,16576458,354296621,R/R
Aurora,IL,2012,44.48,14.22,69972656,36399046,748056054,R/R
Aurora,IL,2017,53.1,15.41,85444419,46543066,856425675,R/R
Aurora,IL,2022,49.77,14.69,95114774,57559036,1038994380,R/R
Aurora,IL,2023,46.33,13.96,98286666,56643540,1110005508,R/R
Chicago,IL,2012,24.56,11.16,1394688678,490260138,16884142072,R/R
Chicago,IL,2017,26.27,11.58,1504540794,585008150,18038079063,R/R
Chicago,IL,2022,19.92,8.82,1711729562,671014208,27003545628,R/R
Chicago,IL,2023,18.94,8.8,1848901667,669006940,28608803496,R/R
Ft. Wayne,IN,2012,32.92,12.7,58053442,35888004,739695714,R/R
Ft. Wayne,IN,2017,32.03,13.37,79631265,36664816,869646526,R/R
Ft. Wayne,IN,2022,43.59,16.0,109172935,57456611,1041648351,R/R
Ft. Wayne,IN,2023,37.58,13.7,108275507,55106656,1192224936,R/R
Indianapolis,IN,2012,10.44,8.17,220583667,179040547,4892303209,R/R
Indianapolis,IN,2017,11.08,8.84,235935428,214869357,5098803499,R/S
Indianapolis,IN,2022,10.74,7.82,262172573,222462183,6201297828,IR/I
Indianapolis,IN,2023,9.08,7.14,260650358,304549570,7917052634,IS/I
South Bend,IN,2012,30.78,11.51,26775334,19715745,403854302,R/R
South Bend,IN,2017,29.14,13.79,35099846,23748288,426894454,R/R
South Bend,IN,2022,34.22,16.02,60208391,32615314,579600261,R/R
South Bend,IN,2023,9.69,8.21,48015745,11184764,721447239,R/R
Kansas City,KS,2012,27.14,13.02,51890385,35552208,671649138,R/R
Kansas City,KS,2017,26.66,13.33,56328255,56438375,845826017,S/S
Kansas City,KS,2022,26.54,12.72,69336681,70729648,1101271692,I/I
Kansas City,KS,2023,26.49,12.26,68756813,72336344,1150757708,I/I
Topeka,KS,2012,34.98,14.14,43195893,23147905,469146326,R/R
Topeka,KS,2017,32.79,13.79,50066834,26214393,553252409,RS/R
Topeka,KS,2022,41.31,15.67,53369823,27650667,516942302,R/R
Topeka,KS,2023,36.52,14.64,53199438,31020358,575421877,R/R
Wichita,KS,2012,20.97,9.76,94040990,53725315,1513415340,R/R
Wichita,KS,2017,22.07,10.61,104801499,57286457,1527006087,R/R
Wichita,KS,2022,34.72,11.45,125463313,69315737,1700681726,R/R
Wichita,KS,2023,36.68,12.04,131769194,68566891,1664381448,R/R
Lexington,KY,2012,21.03,10.64,47606909,45030674,870651394,R/R
Lexington,KY,2017,22.07,12.28,60094191,70350928,1062318472,R/R
Lexington,KY,2022,27.41,11.69,74047532,74038299,1266240495,R/R
Lexington,KY,2023,33.19,14.46,79051649,142581037,1532820098,R/R
Louisville,KY,2012,25.94,11.05,165773438,106276562,2461105325,R/R
Louisville,KY,2017,21.7,9.85,204302531,62986795,2714046534,R/R
Louisville,KY,2022,13.2,6.82,233728232,77951734,4571502841,R/R
Louisville,KY,2023,11.99,6.21,190492245,103376984,4733747051,R/R
Baton Rouge,LA,2012,16.76,11.15,133090343,78756073,1899303511,R/R
Baton Rouge,LA,2017,21.72,14.17,162899194,94713768,1817434148,I/I
Baton Rouge,LA,2022,19.34,12.24,157448628,82225545,1958427724,IR/R
Baton Rouge,LA,2023,19.19,12.17,170686520,86096634,2109590831,IR/R
New Orleans,LA,2012,13.91,12.06,143743278,89337249,1933092880,R/R
New Orleans,LA,2017,13.26,11.48,86252209,105340477,1669227805,R/S
New Orleans,LA,2022,15.54,14.62,175377420,117129808,2000297612,S/S
New Orleans,LA,2023,14.92,14.16,170532427,135693146,2162095247,S/S
Shreveport,LA,2012,34.01,14.29,73712049,57829932,920825880,R/R
Shreveport,LA,2017,31.17,16.02,86226767,66333585,952516317,I/I
Shreveport,LA,2022,32.72,16.52,94214460,71359978,1002527883,R/R
Shreveport,LA,2023,33.94,17.5,96526418,76061657,986381304,I/I
Boston,MA,2012,17.61,15.26,315767593,186330107,3290472897,R/R
Boston,MA,2017,17.41,15.64,375504251,219944302,3806129738,R/R
Boston,MA,2022,14.05,12.68,441748631,289514653,5767534185,R/R
Boston,MA,2023,13.4,11.92,450392386,280619810,6134163045,R/R
Lynn,MA,2012,10.73,9.57,16832324,16049791,343426837,R/R
Lynn,MA,2017,10.4,9.16,20481008,18960196,430402316,R/R
Lynn,MA,2022,8.9,7.38,22099263,22032380,597592211,R/R
Lynn,MA,2023,8.06,7.02,23837991,21513198,646190427,R/R
New Bedford,MA,2012,10.14,8.86,21095961,11730307,370304437,R/R
New Bedford,MA,2017,9.94,9.09,24472998,17000794,456167304,R/R
New Bedford,MA,2022,11.13,9.89,27675511,21648564,498610740,R/R
New Bedford,MA,2023,8.65,7.75,24690932,22080108,603322020,R/R
Springfield,MA,2012,8.19,7.67,38302481,18874308,745193914,R/R
Springfield,MA,2017,8.97,8.28,44208495,20476374,780930396,R/R
Springfield,MA,2022,7.49,7.17,49952762,24107838,1033008046,R/R
Springfield,MA,2023,7.64,7.31,59136620,28495724,1199249766,R/R
Worcester,MA,2012,10.29,9.51,41156341,32170528,771386242,R/R
Worcester,MA,2017,11.03,10.1,47714260,39110098,859477208,R/R
Worcester,MA,2022,10.09,9.17,58487119,45732937,1136094022,R/R
Worcester,MA,2023,9.54,8.69,59272048,46419337,1216470510,R/R
Baltimore,MD,2012,14.63,13.29,371542868,153863921,3954605279,R/R
Baltimore,MD,2017,19.92,18.01,496765786,222512465,3992968652,R/R
Baltimore,MD,2022,17.41,16.02,464260373,351422425,5092216656,R/R
Baltimore,MD,2023,14.97,13.72,574840253,166114293,5402318249,AR/R
Dearborn,MI,2012,35.44,9.37,35012406,19019727,576363249,R/R
Dearborn,MI,2017,29.37,11.04,39227154,24114076,573519868,R/R
Dearborn,MI,2022,32.26,10.7,48494404,31965788,751706395,R/R
Dearborn,MI,2023,31.68,9.75,45224858,30540603,777161734,R/R
Detroit,MI,2012,23.45,12.5,384389274,153481522,4301760150,R/R
Detroit,MI,2017,17.92,9.44,284896614,103568055,4116745720,R/R
Detroit,MI,2022,21.21,10.92,342385839,137090939,4392459538,R/R
Detroit,MI,2023,22.38,11.73,380376909,147701502,4502747358,R/R
Grand Rapids,MI,2012,23.64,11.4,56116445,29408847,750122208,R/R
Grand Rapids,MI,2017,22.1,11.08,63274400,28988574,832948173,R/R
Grand Rapids,MI,2022,20.97,11.6,68567688,38139589,920032122,R/R
Grand Rapids,MI,2023,20.05,11.03,71130301,40999759,1016149137,R/R
Warren,MI,2012,39.94,11.66,40052896,19748415,512811740,R/R
Warren,MI,2017,40.23,14.27,49249945,25260175,522233233,R/R
Warren,MI,2022,33.07,12.41,54888758,28563148,672229837,R/R
Warren,MI,2023,32.96,11.85,57199330,29722566,733341045,R/R
Minneapolis,MN,2012,22.48,9.72,175204581,52617229,2343617515,R/R
Minneapolis,MN,2017,18.55,8.44,198430732,62357071,3088429069,R/R
Minneapolis,MN,2022,19.87,8.93,218100590,73450841,3266351600,R/R
Minneapolis,MN,2023,22.34,9.54,237212677,77008541,3294593747,R/R
St. Paul,MN,2012,27.86,11.73,120644059,55554780,1501838076,R/R
St. Paul,MN,2017,25.3,11.49,142253996,63450704,1790234219,R/R
St. Paul,MN,2022,28.42,12.79,192344994,75036740,2090789586,R/R
St. Paul,MN,2023,26.79,12.43,195596952,66622476,2109544986,R/R
Kansas City,MO,2012,19.66,13.2,219655039,123881526,2601808206,R/R
Kansas City,MO,2017,23.6,14.8,249379578,154793475,2730565433,R/R
Kansas City,MO,2022,19.95,13.02,252731455,218833165,3620732399,R/R
Kansas City,MO,2023,32.94,17.9,261510034,263072397,2929873211,R/R
St. Louis,MO,2012,19.61,12.41,140815701,69886774,1698036574,R/R
St. Louis,MO,2017,26.59,16.42,190423043,73099047,1604934163,R/R
St. Louis,MO,2022,28.04,17.97,224630486,81271755,1702582947,R/R
St. Louis,MO,2023,32.56,20.8,294457048,85292113,1826073441,R/R
Jackson,MS,2012,25.53,10.55,40096689,21416402,582820202,R/R
Jackson,MS,2017,28.69,11.37,43336440,22307481,577408888,R/R
Jackson,MS,2022,22.46,10.11,39339451,26564498,652141133,R/R
Jackson,MS,2023,25.3,10.29,39747462,27286017,651435614,R/R
Billings,MT,2012,27.95,13.1,25397469,15189041,309885374,R/R
Billings,MT,2017,27.96,12.69,30448317,19055573,390197062,R/R
Billings,MT,2022,30.41,13.33,35770074,23628042,445735271,R/AR
Billings,MT,2023,29.76,13.54,38477003,25656533,473694047,R/R
Charlotte,NC,2012,28.61,8.1,279300706,109043264,4794911472,R/R
Charlotte,NC,2017,26.43,8.13,363022959,134018669,6114697667,R/R
Charlotte,NC,2022,22.09,6.38,424024357,168796185,9285908836,R/R
Charlotte,NC,2023,21.17,6.63,460349576,191126316,9824397728,R/R
Durham,NC,2012,28.47,11.25,83911739,29698419,1010271349,R/R
Durham,NC,2017,37.31,15.5,113359488,35247237,958729127,R/IR
Durham,NC,2022,26.9,11.46,103695965,49155367,1333987027,R/R
Durham,NC,2023,26.85,11.66,114582892,52059590,1429556738,R/R
Greensboro,NC,2012,27.54,12.19,95577603,43235141,1138823754,R/R
Greensboro,NC,2017,30.75,13.37,101722600,51481574,1146266252,R/R
Greensboro,NC,2022,27.03,13.01,118289042,67436397,1427249732,R/R
Greensboro,NC,2023,27.55,13.1,125858385,70807383,1501368794,R/R
Raleigh,NC,2012,28.9,11.34,123962274,53349549,1563451604,R/R
Raleigh,NC,2017,30.24,11.05,129260558,65606780,1763001424,R/R
Raleigh,NC,2022,22.71,9.97,149309111,87369757,2373416800,R/R
Raleigh,NC,2023,24.27,10.79,164713824,91456992,2373880608,R/R
Fargo,ND,2012,9.92,5.7,18279176,8827803,475365368,R/-
Fargo,ND,2017,7.82,5.23,27301937,12354660,757637482,RS/RS
Fargo,ND,2022,10.86,7.16,37440521,16565612,754786233,S/RS
Fargo,ND,2023,10.67,6.05,36574951,16061450,869816281,S/S
Lincoln,NE,2012,21.12,7.92,44905241,22853507,855016941,R/R
Lincoln,NE,2017,20.63,7.69,52513432,26166113,1023201030,R/R
Lincoln,NE,2022,21.75,8.23,68675200,34420247,1252419594,R/R
Lincoln,NE,2023,25.45,9.27,80412773,41370811,1314371646,R/R
Omaha,NE,2012,33.25,11.57,126225011,70044520,1697084735,R/R
Omaha,NE,2017,42.59,12.66,147586278,98639371,1945312621,R/R
Omaha,NE,2022,31.06,11.0,162324592,105493852,2434460499,R/R
Omaha,NE,2023,29.23,10.33,167851103,102355593,2615347951,R/R
Manchester,NH,2012,13.69,12.69,31891118,28212940,473655616,R/R
Manchester,NH,2017,11.38,10.42,24497329,19704687,424117783,R/R
Manchester,NH,2022,10.49,9.47,29322318,21384336,535683303,R/R
Manchester,NH,2023,9.5,8.66,31107926,22592039,620282388,R/R
Albuquerque,NM,2012,28.27,15.73,200455865,89334632,1842172137,R/R
Albuquerque,NM,2017,29.62,16.47,210452640,99291169,1880853540,R/R
Albuquerque,NM,2022,28.2,15.95,259769536,109455828,2314688241,R/R
Albuquerque,NM,2023,30.59,16.66,302056264,128161414,2582316631,R/R
Las Cruces,NM,2012,25.89,14.91,35436366,12728975,322984805,R/R
Las Cruces,NM,2017,32.8,16.52,36563216,15357773,314239146,R/IR
Las Cruces,NM,2022,27.58,15.88,45814759,21803964,425876074,R/R
Las Cruces,NM,2023,31.22,17.72,54610310,32603051,492057836,R/R
Las Vegas,NV,2012,17.53,11.63,186746737,167384207,3044824118,R/R
Las Vegas,NV,2017,22.89,12.83,220070934,184533972,3154059203,R/R
Las Vegas,NV,2022,20.2,12.06,266472211,213636070,3979696511,R/R
Las Vegas,NV,2023,18.49,12.31,267434457,230540152,4046079813,R/R
Reno,NV,2012,33.95,13.63,73257707,58554829,967326872,R/R
Reno,NV,2017,34.03,13.7,94308627,61587995,1138211394,R/R
Reno,NV,2022,38.64,15.97,139498512,90882447,1442179773,R/R
Reno,NV,2023,39.33,16.78,168788640,98623762,1593713863,R/R
Albany,NY,2012,29.89,13.31,53800223,33469117,655455262,R/R
Albany,NY,2017,50.24,16.61,65048603,34533152,599431193,R/R
Albany,NY,2022,53.91,16.26,77043170,39394978,716163438,R/R
Albany,NY,2023,51.54,16.35,71195712,43026432,698521347,R/R
Buffalo,NY,2012,8.97,7.27,86970258,59071802,2008409851,R/R
Buffalo,NY,2017,10.3,8.38,103983943,67359224,2043510883,R/R
Buffalo,NY,2022,10.14,8.25,112028550,71976436,2229986469,R/R
Buffalo,NY,2023,9.54,8.06,122251633,74555590,2441523116,R/R
New York,NY,2012,9.29,9.06,5077103204,1842660512,76385010543,R/R
New York,NY,2017,8.34,8.13,5698594160,2155401744,96590775860,R/R
New York,NY,2022,7.06,6.92,5882030803,2572672943,122129092006,AR/AR
New York,NY,2023,7.5,7.36,6315015911,2623088464,121441199558,IR/IR
Rochester,NY,2012,10.37,9.38,99656735,46022012,1553408633,R/R
Rochester,NY,2017,9.76,8.9,112699478,52564569,1856571739,R/R
Rochester,NY,2022,10.6,9.81,124929081,64069199,1926975787,R/R
Rochester,NY,2023,10.62,9.99,140657783,62998064,2037782698,R/R
Syracuse,NY,2012,8.84,7.45,56040061,31108819,1170017224,R/R
Syracuse,NY,2017,10.96,8.82,60292762,35938299,1091161102,R/R
Syracuse,NY,2022,0.0,1.52,13126901,0,861763509,-/-
Syracuse,NY,2023,11.52,9.66,67517880,48573244,1202258598,R/R
Yonkers,NY,2012,14.33,9.15,91404428,55429259,1604083510,R/R
Yonkers,NY,2017,14.73,8.97,106122397,68116288,1942901283,R/R
Yonkers,NY,2022,13.79,8.34,117821211,72045574,2275342181,R/R
Yonkers,NY,2023,13.28,8.19,126584389,72477987,2431687910,R/R
Akron,OH,2012,18.06,7.36,44553514,25800374,955634934,R/R
Akron,OH,2017,27.46,10.97,67488176,50409841,1074512567,I/I
Akron,OH,2022,28.37,12.41,84090002,68165608,1226732727,I/I
Akron,OH,2023,29.31,11.13,87778188,40637875,1153379525,R/R
Cincinnati,OH,2012,24.18,11.87,146548149,75050084,1866196613,R/R
Cincinnati,OH,2017,30.2,15.02,194959770,106253063,2005043316,I/I
Cincinnati,OH,2022,37.61,14.76,207206057,76140109,1919638029,R/R
Cincinnati,OH,2023,31.01,14.78,209773985,66130781,1866604731,R/R
Cleveland,OH,2012,29.54,10.97,187950833,89834057,2532665007,R/R
Cleveland,OH,2017,32.58,12.41,279120383,87426579,2953422597,R/R
Cleveland,OH,2022,44.37,14.24,255972452,133812556,2737873340,R/R
Cleveland,OH,2023,41.49,13.9,272527417,134878308,2931553290,R/R
Columbus,OH,2012,33.83,11.81,287068322,189615197,4035662238,R/R
Columbus,OH,2017,32.61,11.82,362772694,259292813,5260957665,R/R
Columbus,OH,2022,30.75,13.78,480262073,283051376,5540751705,R/R
Columbus,OH,2023,30.76,15.32,535236515,318920338,5576599893,R/R
Dayton,OH,2012,26.23,12.57,55851647,34724229,720755053,R/R
Dayton,OH,2017,34.42,14.15,65729312,38764719,738279848,I/I
Dayton,OH,2022,28.86,14.9,76840984,45843439,823423810,I/I
Dayton,OH,2023,39.52,15.26,73455892,45009631,776385172,R/R
Toledo,OH,2012,36.37,11.75,104739451,38768331,1221256188,R/R
Toledo,OH,2017,37.0,15.19,144358760,79763327,1475698999,I/I
Toledo,OH,2022,0.0,1.22,12472507,0,1022773999,-/-
Toledo,OH,2023,0.0,1.16,12555936,0,1080903736,-/-
Oklahoma,OK,2012,35.35,16.78,164869371,133280542,1776554321,R/R
Oklahoma,OK,2017,30.94,15.91,188969490,129111732,1998660110,R/R
Oklahoma,OK,2022,29.98,13.39,177505276,141083593,2379671216,R/R
Oklahoma,OK,2023,32.71,15.72,215632047,199286151,2640231446,R/R
Tulsa,OK,2012,22.12,11.36,95313871,70324772,1458688316,R/R
Tulsa,OK,2017,23.84,12.1,114928572,72064815,1545318760,R/R
Tulsa,OK,2022,23.84,13.49,169386613,92066046,1938677580,R/R
Tulsa,OK,2023,25.22,13.57,151841591,114488395,1963324992,R/R
Eugene,OR,2012,30.73,15.72,56740763,31296985,559897157,R/R
Eugene,OR,2017,31.99,15.55,62848750,37244396,643687412,R/R
Eugene,OR,2022,29.26,13.42,78282619,49471695,951895127,R/R
Eugene,OR,2023,31.12,14.19,85444755,51238817,963428117,R/R
Portland,OR,2012,21.05,9.69,197191182,96688216,3032300239,R/R
Portland,OR,2017,22.11,9.22,235902534,115791461,3812872156,R/R
Portland,OR,2022,19.27,7.62,257284190,146969264,5303185717,R/R
Portland,OR,2023,20.22,8.09,282209020,173850578,5637285159,R/R
Salem,OR,2012,25.1,10.73,41013506,25287230,617953455,R/R
Salem,OR,2017,25.05,11.66,51613559,28865058,690361670,I/I
Salem,OR,2022,26.93,10.67,66903051,40527645,1006631936,R/R
Salem,OR,2023,22.25,10.34,68892257,45018328,1101575270,R/R
Philadelphia,PA,2012,15.03,9.23,610114467,199308471,8767889455,R/R
Philadelphia,PA,2017,13.92,8.64,673357644,255209028,10750055660,R/R
Philadelphia,PA,2022,12.16,7.7,783930819,344947274,14663504155,R/R
Philadelphia,PA,2023,11.71,7.56,791243090,369895936,15354906124,R/R
Pittsburgh,PA,2012,23.46,7.98,90086650,51538716,1774637336,R/R
Pittsburgh,PA,2017,21.6,8.44,109254187,68805202,2108780638,R/R
Pittsburgh,PA,2022,29.02,10.18,148171690,90469509,2343782199,R/R
Pittsburgh,PA,2023,28.08,10.72,172309118,95556903,2497750335,R/R
Providence,RI,2012,20.32,18.96,82196240,63076461,766149574,R/R
Providence,RI,2017,21.51,20.19,94872396,72596487,829461501,R/R
Providence,RI,2022,18.77,17.51,90777335,85446733,1006605045,R/R
Providence,RI,2023,18.41,17.19,104242839,90644620,1134033136,R/R
Charleston,SC,2012,36.34,18.79,64478430,22503585,462879082,R/R
Charleston,SC,2017,44.4,19.57,79328271,29685553,556992944,I/I
Charleston,SC,2022,29.81,14.21,84097613,39638858,870620165,I/I
Charleston,SC,2023,35.92,16.36,89237286,43520862,811303737,R/R
Columbia,SC,2012,27.66,13.91,45783534,28477142,533840419,R/R
Columbia,SC,2017,23.73,13.48,60366133,32762709,690801460,R/R
Columbia,SC,2022,33.29,20.37,81861092,68846848,740005356,R/R
Columbia,SC,2023,30.24,17.62,66334111,67145413,757456395,R/R
Sioux Falls,SD,2012,21.86,10.1,34009385,21910765,553480014,R/R
Sioux Falls,SD,2017,19.1,9.95,38772692,22463899,615732763,R/R
Sioux Falls,SD,2022,25.38,12.05,52206358,41167686,775119323,R/R
Sioux Falls,SD,2023,26.09,12.99,58250459,64823475,947734113,R/R
Chattanooga,TN,2012,23.62,11.25,63868979,52212747,1031667414,R/R
Chattanooga,TN,2017,28.62,10.04,81387758,41720906,1226792449,R/R
Chattanooga,TN,2022,26.7,10.28,101259475,57030516,1539057024,R/R
Chattanooga,TN,2023,26.12,9.93,109508155,60388241,1710197134,R/R
Knoxville,TN,2012,26.24,14.74,67724294,33934701,689460410,R/R
Knoxville,TN,2017,19.57,12.66,66323932,23547557,710090198,I/I
Knoxville,TN,2022,22.92,14.78,100834664,48262588,1008653014,I/I
Knoxville,TN,2023,22.71,14.91,107226803,51093084,1062122010,I/I
Memphis,TN,2012,16.82,14.49,328419780,172301978,3455556479,R/R
Memphis,TN,2017,40.08,20.06,376195484,189130019,2818805323,R/R
Memphis,TN,2022,35.48,17.74,419182928,234022774,3682413142,R/R
Memphis,TN,2023,33.15,17.3,442878750,249879626,4005081259,R/R
Nashville,TN,2012,12.59,11.79,199739611,110121834,2628238549,R/R
Nashville,TN,2017,10.03,9.64,221049601,129876511,3640772126,R/R
Nashville,TN,2022,11.59,10.85,283034972,165189012,4129779162,R/R
Nashville,TN,2023,12.39,11.61,322160050,178524167,4312561768,R/R
Arlington,TX,2012,25.77,9.18,98895186,39120028,1504021537,R/R
Arlington,TX,2017,31.91,9.37,111517385,48549953,1707502307,I/I
Arlington,TX,2022,28.58,8.99,125113784,49661467,1945033809,R/R
Arlington,TX,2023,28.55,8.88,130546367,52149653,2057486124,R/R
Austin,TX,2012,26.26,12.85,314955538,127794020,3445512573,R/R
Austin,TX,2017,25.67,12.64,406719290,167985848,4546549819,I/I
Austin,TX,2022,23.65,11.79,517154142,239148740,6415755800,I/I
Austin,TX,2023,19.74,10.17,439226440,229850902,6577390230,R/R
Corpus Christi,TX,2012,31.64,11.62,82507318,46696342,1111502948,R/R
Corpus Christi,TX,2017,33.71,11.05,96189865,55234137,1370535849,R/R
Corpus Christi,TX,2022,30.55,10.92,99286871,67411541,1527100593,R/R
Corpus Christi,TX,2023,29.36,9.75,101267449,65167860,1707892201,R/R
Dallas,TX,2012,21.53,9.02,371952549,189726000,6229528225,R/R
Dallas,TX,2017,19.44,8.77,434118414,216670565,7418366140,R/R
Dallas,TX,2022,23.43,10.25,621266656,387455292,9841475930,R/R
Dallas,TX,2023,23.08,10.09,648573228,409040899,10485725403,R/R
El Paso,TX,2012,32.46,9.41,149299035,87280434,2513066979,R/R
El Paso,TX,2017,29.19,8.55,161541402,97692838,3030662880,R/R
El Paso,TX,2022,30.13,8.36,191885339,166513956,4285573922,R/R
El Paso,TX,2023,28.23,7.8,200744658,144462252,4427861759,R/R
Ft. Worth,TX,2012,30.66,11.52,264036626,107882033,3228659304,R/R
Ft. Worth,TX,2017,32.3,11.92,311276490,135958818,3752181048,I/I
Ft. Worth,TX,2022,31.68,11.9,403810119,187220482,4965413562,R/R
Ft. Worth,TX,2023,32.52,11.5,430124030,184880314,5347596864,R/R
Garland,TX,2012,31.42,8.85,48783706,27955623,867272424,R/R
Garland,TX,2017,30.68,7.63,52040368,30654227,1083300336,R/R
Garland,TX,2022,24.94,7.91,72017022,39793507,1413050916,R/R
Garland,TX,2023,24.61,7.64,73900088,40173559,1492987218,R/R
Houston,TX,2012,25.94,11.42,760855006,361420527,9825198634,R/R
Houston,TX,2017,28.96,11.28,930449359,405583820,11847185021,R/R
Houston,TX,2022,28.34,11.8,1228113774,524706114,14854189143,R/R
Houston,TX,2023,27.34,11.6,1151645204,513233440,14347139157,R/R
Lubbock,TX,2012,27.45,8.83,59781101,35405009,1078237039,R/R
Lubbock,TX,2017,28.0,10.44,89696684,49533325,1332998117,R/R
Lubbock,TX,2022,33.19,10.55,118506108,48819959,1585592042,R/R
Lubbock,TX,2023,34.53,10.11,130659376,50893262,1796233720,R/R
San Antonio,TX,2012,30.68,10.22,356627011,228973019,5730269759,R/R
San Antonio,TX,2017,28.79,9.89,438453059,270979701,7169921722,R/R
San Antonio,TX,2022,28.32,9.97,538416519,345679943,8866022190,R/R
San Antonio,TX,2023,27.29,9.61,571317744,352939141,9618296346,R/R
Provo,UT,2012,23.94,10.79,18839486,8841536,256566024,AR/R
Provo,UT,2017,26.05,7.89,17407365,9920619,346357133,R/R
Provo,UT,2022,13.11,6.32,20631484,11333347,505434369,R/R
Provo,UT,2023,14.68,6.06,20150515,11212216,517902437,R/R
Salt Lake City,UT,2012,22.22,11.95,65145112,36413676,849763573,R/R
Salt Lake City,UT,2017,13.69,10.05,95933847,36319750,1316219155,R/R
Salt Lake City,UT,2022,8.27,6.49,80517339,44277388,1923491874,R/R
Salt Lake City,UT,2023,8.04,6.32,94115016,38407737,2096740398,R/R
Chesapeake,VA,2012,9.21,7.97,39635242,39159776,989220319,R/R
Chesapeake,VA,2017,11.02,9.54,62922566,44656821,1127409797,R/R
Chesapeake,VA,2022,12.09,10.03,83430735,57877096,1409425022,R/R
Chesapeake,VA,2023,12.02,10.13,88758864,67046991,1537508150,R/R
Norfolk,VA,2012,8.93,7.78,68216536,40618853,1399238698,R/R
Norfolk,VA,2017,9.34,8.07,73616273,44075153,1457666726,S/RS
Norfolk,VA,2022,9.87,8.22,89866915,41110126,1592764662,R/R
Norfolk,VA,2023,9.39,7.91,93353132,41464935,1703393226,R/R
Richmond,VA,2012,13.73,13.34,92064922,47129361,1043131720,R/R
Richmond,VA,2017,12.11,11.81,103295144,45822822,1262648293,R/R
Richmond,VA,2022,14.04,13.75,117875286,85641001,1480322557,R/R
Richmond,VA,2023,15.1,14.89,135185131,99828175,1578364948,R/R
Virginia Beach,VA,2012,7.63,6.65,89258987,47589673,2056348824,R/R
Virginia Beach,VA,2017,8.28,7.16,97550217,55118760,2132157091,R/R
Virginia Beach,VA,2022,9.35,7.75,115979410,84384700,2583846483,R/R
Virginia Beach,VA,2023,9.68,8.18,130374876,99683718,2813788330,R/R
Seattle,WA,2012,20.44,10.77,222238215,128764067,3260288896,R/R
Seattle,WA,2017,16.9,9.81,269141886,191405413,4694403701,R/R
Seattle,WA,2022,17.89,9.33,336835432,241864175,6202221378,R/R
Seattle,WA,2023,16.35,8.7,346194858,245635284,6800448293,R/R
Spokane,WA,2012,23.5,10.32,58344008,37477605,928558895,R/R
Spokane,WA,2017,26.08,10.99,73474138,47367974,1099126138,R/R
Spokane,WA,2022,27.7,11.4,93975816,66727014,1410108876,R/R
Spokane,WA,2023,29.09,12.57,119254015,73802485,1535315533,R/R
Tacoma,WA,2012,19.7,10.42,75548276,44861443,1155836128,R/R
Tacoma,WA,2017,28.14,13.19,108799176,72482520,1374318127,R/R
Tacoma,WA,2022,28.51,13.3,128304296,95671599,1684234174,R/R
Tacoma,WA,2023,31.46,14.09,139835531,109479932,1769477691,R/R
Madison,WI,2012,25.23,12.24,85207503,44117590,1056913340,R/R
Madison,WI,2017,30.39,12.85,92874522,52238864,1129388237,R/R
Madison,WI,2022,26.32,12.0,109006125,64641169,1446658005,R/R
Madison,WI,2023,23.91,10.52,109498869,66746290,1674804779,R/R
Milwaukee,WI,2012,32.19,11.93,280943161,91158047,3117947154,R/R
Milwaukee,WI,2017,35.5,14.06,343441831,110891982,3232028312,R/R
Milwaukee,WI,2022,34.72,13.8,346927249,133029308,3478444678,R/R
Milwaukee,WI,2023,37.71,13.46,356079465,135868713,3654023716,R/R
