city,state,fiscal_year,police_budget_usd,city_budget_usd,budget_type,police_pct,police_per_capita_usd,police_employees,source_url,retrieved,police_dept_only_usd,other_police_agency_usd,police_employee_resident_ratio,city_budget_usd_basis,police_employees_basis
Albuquerque,NM,2020,211084000,659637500,city funds,0.32,367,1677,https://www.vera.org/publications/what-policing-costs-in-americas-biggest-cities/albuquerque-nm,2026-09-14,210057000,1027000,1 : 343,derived: police_budget_usd / police_pct (police_pct published rounded to whole percent),derived: (police_budget_usd / police_per_capita_usd) / residents-per-employee from published ratio
Anchorage,AK,2020,133766426,495431207,city funds,0.27,445,630,https://www.vera.org/publications/what-policing-costs-in-americas-biggest-cities/anchorage-ak,2026-09-14,133766426,0,1 : 477,derived: police_budget_usd / police_pct (police_pct published rounded to whole percent),derived: (police_budget_usd / police_per_capita_usd) / residents-per-employee from published ratio
Arlington,TX,2020,117847632,267835527,city funds,0.44,296,881,https://www.vera.org/publications/what-policing-costs-in-americas-biggest-cities/arlington-tx,2026-09-14,117847635,0,1 : 452,derived: police_budget_usd / police_pct (police_pct published rounded to whole percent),derived: (police_budget_usd / police_per_capita_usd) / residents-per-employee from published ratio
Atlanta,GA,2020,248508775,828362583,city funds,0.30,412,2886,https://www.vera.org/publications/what-policing-costs-in-americas-biggest-cities/atlanta-ga,2026-09-14,248508775,0,1 : 209,derived: police_budget_usd / police_pct (police_pct published rounded to whole percent),derived: (police_budget_usd / police_per_capita_usd) / residents-per-employee from published ratio
Austin,TX,2020,491265529,1228163822,city funds,0.40,451,3051,https://www.vera.org/publications/what-policing-costs-in-americas-biggest-cities/austin-tx,2026-09-14,491265529,0,1 : 357,derived: police_budget_usd / police_pct (police_pct published rounded to whole percent),derived: (police_budget_usd / police_per_capita_usd) / residents-per-employee from published ratio
Baltimore,MD,2020,549046349,2111716727,city funds,0.26,840,3533,https://www.vera.org/publications/what-policing-costs-in-americas-biggest-cities/baltimore-md,2026-09-14,546176477,2869872,1 : 185,derived: police_budget_usd / police_pct (police_pct published rounded to whole percent),derived: (police_budget_usd / police_per_capita_usd) / residents-per-employee from published ratio
Billings,MT,2020,27017423,42214723,city funds,0.64,247,182,https://www.vera.org/publications/what-policing-costs-in-americas-biggest-cities/billings-mt,2026-09-14,27017423,0,1 : 601,derived: police_budget_usd / police_pct (police_pct published rounded to whole percent),derived: (police_budget_usd / police_per_capita_usd) / residents-per-employee from published ratio
Birmingham,AL,2020,92775797,441789510,city funds,0.21,443,1091,https://www.vera.org/publications/what-policing-costs-in-americas-biggest-cities/birmingham-al,2026-09-14,92775797,0,1 : 192,derived: police_budget_usd / police_pct (police_pct published rounded to whole percent),derived: (police_budget_usd / police_per_capita_usd) / residents-per-employee from published ratio
Boise,ID,2020,70561456,243315366,city funds,0.29,306,410,https://www.vera.org/publications/what-policing-costs-in-americas-biggest-cities/boise-id,2026-09-14,70301739,259717,1 : 563,derived: police_budget_usd / police_pct (police_pct published rounded to whole percent),derived: (police_budget_usd / police_per_capita_usd) / residents-per-employee from published ratio
Boston,MA,2020,431731291,2698320569,city funds,0.16,595,3169,https://www.vera.org/publications/what-policing-costs-in-americas-biggest-cities/boston-ma,2026-09-14,431731291,0,1 : 229,derived: police_budget_usd / police_pct (police_pct published rounded to whole percent),derived: (police_budget_usd / police_per_capita_usd) / residents-per-employee from published ratio
Bridgeport,CT,2020,102312652,568403622,city funds,0.18,706,195,https://www.vera.org/publications/what-policing-costs-in-americas-biggest-cities/bridgeport-ct,2026-09-14,102312652,0,1 : 743,derived: police_budget_usd / police_pct (police_pct published rounded to whole percent),derived: (police_budget_usd / police_per_capita_usd) / residents-per-employee from published ratio
Burlington,VT,2020,17926954,94352389,city funds,0.19,349,170,https://www.vera.org/publications/what-policing-costs-in-americas-biggest-cities/burlington-vt,2026-09-14,14712289,3214665,1 : 303,derived: police_budget_usd / police_pct (police_pct published rounded to whole percent),derived: (police_budget_usd / police_per_capita_usd) / residents-per-employee from published ratio
Charleston,SC,2020,53445152,242932509,city funds,0.22,379,551,https://www.vera.org/publications/what-policing-costs-in-americas-biggest-cities/charleston-sc,2026-09-14,53445152,0,1 : 256,derived: police_budget_usd / police_pct (police_pct published rounded to whole percent),derived: (police_budget_usd / police_per_capita_usd) / residents-per-employee from published ratio
Charleston,WV,2020,22489588,89958352,city funds,0.25,482,198,https://www.vera.org/publications/what-policing-costs-in-americas-biggest-cities/charleston-wv,2026-09-14,22489588,0,1 : 236,derived: police_budget_usd / police_pct (police_pct published rounded to whole percent),derived: (police_budget_usd / police_per_capita_usd) / residents-per-employee from published ratio
Charlotte,NC,2020,285877585,733019449,city funds,0.39,327,2505,https://www.vera.org/publications/what-policing-costs-in-americas-biggest-cities/charlotte-nc,2026-09-14,285877585,0,1 : 349,derived: police_budget_usd / police_pct (police_pct published rounded to whole percent),derived: (police_budget_usd / police_per_capita_usd) / residents-per-employee from published ratio
Cheyenne,WY,2020,14493787,55745335,city funds,0.26,342,126,https://www.vera.org/publications/what-policing-costs-in-americas-biggest-cities/cheyenne-wy,2026-09-14,14493787,0,1 : 337,derived: police_budget_usd / police_pct (police_pct published rounded to whole percent),derived: (police_budget_usd / police_per_capita_usd) / residents-per-employee from published ratio
Chicago,IL,2020,1776930437,4802514695,city funds,0.37,611,15892,https://www.vera.org/publications/what-policing-costs-in-americas-biggest-cities/chicago-il,2026-09-14,1762078349,14852088,1 : 183,derived: police_budget_usd / police_pct (police_pct published rounded to whole percent),derived: (police_budget_usd / police_per_capita_usd) / residents-per-employee from published ratio
Colorado Springs,CO,2020,140388709,412907968,city funds,0.34,239,1353,https://www.vera.org/publications/what-policing-costs-in-americas-biggest-cities/colorado-springs-co,2026-09-14,140388709,0,1 : 434,derived: police_budget_usd / police_pct (police_pct published rounded to whole percent),derived: (police_budget_usd / police_per_capita_usd) / residents-per-employee from published ratio
Columbus,OH,2020,347780657,939947722,city funds,0.37,398,4008,https://www.vera.org/publications/what-policing-costs-in-americas-biggest-cities/columbus-oh,2026-09-14,347467765,312892,1 : 218,derived: police_budget_usd / police_pct (police_pct published rounded to whole percent),derived: (police_budget_usd / police_per_capita_usd) / residents-per-employee from published ratio
Dallas,TX,2020,545974490,1516595806,city funds,0.36,379,4163,https://www.vera.org/publications/what-policing-costs-in-americas-biggest-cities/dallas-tx,2026-09-14,545974490,0,1 : 346,derived: police_budget_usd / police_pct (police_pct published rounded to whole percent),derived: (police_budget_usd / police_per_capita_usd) / residents-per-employee from published ratio
Denver,CO,2020,277927093,1634865253,city funds,0.17,355,3608,https://www.vera.org/publications/what-policing-costs-in-americas-biggest-cities/denver-co,2026-09-14,256043663,21883430,1 : 217,derived: police_budget_usd / police_pct (police_pct published rounded to whole percent),derived: (police_budget_usd / police_per_capita_usd) / residents-per-employee from published ratio
Des Moines,IA,2020,71546587,183452787,city funds,0.39,323,487,https://www.vera.org/publications/what-policing-costs-in-americas-biggest-cities/des-moines-ia,2026-09-14,71546587,0,1 : 455,derived: police_budget_usd / police_pct (police_pct published rounded to whole percent),derived: (police_budget_usd / police_per_capita_usd) / residents-per-employee from published ratio
Detroit,MI,2020,318193356,1097218469,city funds,0.29,460,3424,https://www.vera.org/publications/what-policing-costs-in-americas-biggest-cities/detroit-mi,2026-09-14,318193356,0,1 : 202,derived: police_budget_usd / police_pct (police_pct published rounded to whole percent),derived: (police_budget_usd / police_per_capita_usd) / residents-per-employee from published ratio
El Paso,TX,2020,157607718,492524119,city funds,0.32,215,1625,https://www.vera.org/publications/what-policing-costs-in-americas-biggest-cities/el-paso-tx,2026-09-14,157607718,0,1 : 451,derived: police_budget_usd / police_pct (police_pct published rounded to whole percent),derived: (police_budget_usd / police_per_capita_usd) / residents-per-employee from published ratio
Fargo,ND,2020,22832341,103783368,city funds,0.22,184,208,https://www.vera.org/publications/what-policing-costs-in-americas-biggest-cities/fargo-nd,2026-09-14,22832341,0,1 : 598,derived: police_budget_usd / police_pct (police_pct published rounded to whole percent),derived: (police_budget_usd / police_per_capita_usd) / residents-per-employee from published ratio
Fort Worth,TX,2020,352893268,1008266480,city funds,0.35,297,5853,https://www.vera.org/publications/what-policing-costs-in-americas-biggest-cities/fort-worth-tx,2026-09-14,352893268,0,1 : 203,derived: police_budget_usd / police_pct (police_pct published rounded to whole percent),derived: (police_budget_usd / police_per_capita_usd) / residents-per-employee from published ratio
Fresno,CA,2020,201764000,504410000,city funds,0.40,367,1170,https://www.vera.org/publications/what-policing-costs-in-americas-biggest-cities/fresno-ca,2026-09-14,201764000,0,1 : 470,derived: police_budget_usd / police_pct (police_pct published rounded to whole percent),derived: (police_budget_usd / police_per_capita_usd) / residents-per-employee from published ratio
Honolulu,HI,2020,301701305,1774713559,city funds,0.17,282,3039,https://www.vera.org/publications/what-policing-costs-in-americas-biggest-cities/honolulu-hi,2026-09-14,301701305,0,1 : 352,derived: police_budget_usd / police_pct (police_pct published rounded to whole percent),derived: (police_budget_usd / police_per_capita_usd) / residents-per-employee from published ratio
Houston,TX,2020,899879053,2499664036,city funds,0.36,387,6459,https://www.vera.org/publications/what-policing-costs-in-americas-biggest-cities/houston-tx,2026-09-14,899879053,0,1 : 360,derived: police_budget_usd / police_pct (police_pct published rounded to whole percent),derived: (police_budget_usd / police_per_capita_usd) / residents-per-employee from published ratio
Indianapolis,IN,2020,283571003,810202866,city funds,0.35,279,2414,https://www.vera.org/publications/what-policing-costs-in-americas-biggest-cities/indianapolis-in,2026-09-14,253937003,29634000,1 : 421,derived: police_budget_usd / police_pct (police_pct published rounded to whole percent),derived: (police_budget_usd / police_per_capita_usd) / residents-per-employee from published ratio
Jackson,MS,2020,37523140,134011214,city funds,0.28,216,718,https://www.vera.org/publications/what-policing-costs-in-americas-biggest-cities/jackson-ms,2026-09-14,37523140,0,1 : 242,derived: police_budget_usd / police_pct (police_pct published rounded to whole percent),derived: (police_budget_usd / police_per_capita_usd) / residents-per-employee from published ratio
Jacksonville,FL,2020,481594597,1375984563,city funds,0.35,533,1786,https://www.vera.org/publications/what-policing-costs-in-americas-biggest-cities/jacksonville-fl,2026-09-14,0,481594597,1 : 506,derived: police_budget_usd / police_pct (police_pct published rounded to whole percent),derived: (police_budget_usd / police_per_capita_usd) / residents-per-employee from published ratio
Kansas City,MO,2020,262247405,609877686,city funds,0.43,510,2099,https://www.vera.org/publications/what-policing-costs-in-americas-biggest-cities/kansas-city-mo,2026-09-14,262247405,0,1 : 245,derived: police_budget_usd / police_pct (police_pct published rounded to whole percent),derived: (police_budget_usd / police_per_capita_usd) / residents-per-employee from published ratio
Las Vegas,NV,2020,173702925,1336176346,city funds,0.13,269,2340,https://www.vera.org/publications/what-policing-costs-in-americas-biggest-cities/las-vegas-nv,2026-09-14,156836411,16866514,1 : 276,derived: police_budget_usd / police_pct (police_pct published rounded to whole percent),derived: (police_budget_usd / police_per_capita_usd) / residents-per-employee from published ratio
Little Rock,AR,2020,80209890,211078658,city funds,0.38,405,745,https://www.vera.org/publications/what-policing-costs-in-americas-biggest-cities/little-rock-ar,2026-09-14,80209890,0,1 : 266,derived: police_budget_usd / police_pct (police_pct published rounded to whole percent),derived: (police_budget_usd / police_per_capita_usd) / residents-per-employee from published ratio
Long Beach,CA,2020,265466991,617365095,city funds,0.43,522,1363,https://www.vera.org/publications/what-policing-costs-in-americas-biggest-cities/long-beach-ca,2026-09-14,264499242,967749,1 : 373,derived: police_budget_usd / police_pct (police_pct published rounded to whole percent),derived: (police_budget_usd / police_per_capita_usd) / residents-per-employee from published ratio
Los Angeles,CA,2020,1735493169,5259070209,city funds,0.33,420,13416,https://www.vera.org/publications/what-policing-costs-in-americas-biggest-cities/los-angeles-ca,2026-09-14,1735493169,0,1 : 308,derived: police_budget_usd / police_pct (police_pct published rounded to whole percent),derived: (police_budget_usd / police_per_capita_usd) / residents-per-employee from published ratio
Louisville,KY,2020,191988200,662028276,city funds,0.29,297,1675,https://www.vera.org/publications/what-policing-costs-in-americas-biggest-cities/louisville-ky,2026-09-14,189725100,2263100,1 : 386,derived: police_budget_usd / police_pct (police_pct published rounded to whole percent),derived: (police_budget_usd / police_per_capita_usd) / residents-per-employee from published ratio
Manchester,NH,2020,25285675,158035469,city funds,0.16,225,150,https://www.vera.org/publications/what-policing-costs-in-americas-biggest-cities/manchester-nh,2026-09-14,25285675,0,1 : 750,derived: police_budget_usd / police_pct (police_pct published rounded to whole percent),derived: (police_budget_usd / police_per_capita_usd) / residents-per-employee from published ratio
Memphis,TN,2020,274511008,722397389,city funds,0.38,419,2886,https://www.vera.org/publications/what-policing-costs-in-americas-biggest-cities/memphis-tn,2026-09-14,274511008,0,1 : 227,derived: police_budget_usd / police_pct (police_pct published rounded to whole percent),derived: (police_budget_usd / police_per_capita_usd) / residents-per-employee from published ratio
Mesa,AZ,2020,198152493,1801386300,city funds,0.11,389,1255,https://www.vera.org/publications/what-policing-costs-in-americas-biggest-cities/mesa-az,2026-09-14,198152493,0,1 : 406,derived: police_budget_usd / police_pct (police_pct published rounded to whole percent),derived: (police_budget_usd / police_per_capita_usd) / residents-per-employee from published ratio
Miami,FL,2020,281251000,852275758,city funds,0.33,564,1918,https://www.vera.org/publications/what-policing-costs-in-americas-biggest-cities/miami-fl,2026-09-14,281251000,0,1 : 260,derived: police_budget_usd / police_pct (police_pct published rounded to whole percent),derived: (police_budget_usd / police_per_capita_usd) / residents-per-employee from published ratio
Milwaukee,WI,2020,321470403,554259316,city funds,0.58,502,3064,https://www.vera.org/publications/what-policing-costs-in-americas-biggest-cities/milwaukee-wi,2026-09-14,318651881,2818522,1 : 209,derived: police_budget_usd / police_pct (police_pct published rounded to whole percent),derived: (police_budget_usd / police_per_capita_usd) / residents-per-employee from published ratio
Minneapolis,MN,2020,193360000,552457143,city funds,0.35,444,1122,https://www.vera.org/publications/what-policing-costs-in-americas-biggest-cities/minneapolis-mn,2026-09-14,193360000,0,1 : 388,derived: police_budget_usd / police_pct (police_pct published rounded to whole percent),derived: (police_budget_usd / police_per_capita_usd) / residents-per-employee from published ratio
Nashville,TN,2020,216790900,1032337619,city funds,0.21,311,2044,https://www.vera.org/publications/what-policing-costs-in-americas-biggest-cities/nashville-tn,2026-09-14,216790900,0,1 : 341,derived: police_budget_usd / police_pct (police_pct published rounded to whole percent),derived: (police_budget_usd / police_per_capita_usd) / residents-per-employee from published ratio
New Orleans,LA,2020,206887632,862031800,city funds,0.24,449,2954,https://www.vera.org/publications/what-policing-costs-in-americas-biggest-cities/new-orleans-la,2026-09-14,194054969,12832663,1 : 156,derived: police_budget_usd / police_pct (police_pct published rounded to whole percent),derived: (police_budget_usd / police_per_capita_usd) / residents-per-employee from published ratio
New York,NY,2020,11036298140,137953726750,city funds,0.08,626,108826,https://www.vera.org/publications/what-policing-costs-in-americas-biggest-cities/new-york-ny,2026-09-14,5595282792,5441015348,1 : 162,derived: police_budget_usd / police_pct (police_pct published rounded to whole percent),derived: (police_budget_usd / police_per_capita_usd) / residents-per-employee from published ratio
Newark,NJ,2019,207955896,717089297,city funds,0.29,737,827,https://www.vera.org/publications/what-policing-costs-in-americas-biggest-cities/newark-nj,2026-09-14,154625080,53330816,1 : 341,derived: police_budget_usd / police_pct (police_pct published rounded to whole percent),derived: (police_budget_usd / police_per_capita_usd) / residents-per-employee from published ratio
Oklahoma City,OK,2020,226626456,781470538,city funds,0.29,238,2262,https://www.vera.org/publications/what-policing-costs-in-americas-biggest-cities/oklahoma-city-ok,2026-09-14,226626456,0,1 : 421,derived: police_budget_usd / police_pct (police_pct published rounded to whole percent),derived: (police_budget_usd / police_per_capita_usd) / residents-per-employee from published ratio
Omaha,NE,2020,159838743,420628271,city funds,0.38,340,1059,https://www.vera.org/publications/what-policing-costs-in-americas-biggest-cities/omaha-ne,2026-09-14,159838743,0,1 : 444,derived: police_budget_usd / police_pct (police_pct published rounded to whole percent),derived: (police_budget_usd / police_per_capita_usd) / residents-per-employee from published ratio
Philadelphia,PA,2020,956632151,6377547673,city funds,0.15,468,9734,https://www.vera.org/publications/what-policing-costs-in-americas-biggest-cities/philadelphia-pa,2026-09-14,956632151,0,1 : 210,derived: police_budget_usd / police_pct (police_pct published rounded to whole percent),derived: (police_budget_usd / police_per_capita_usd) / residents-per-employee from published ratio
Phoenix,AZ,2020,909129491,2217389002,city funds,0.41,341,7016,https://www.vera.org/publications/what-policing-costs-in-americas-biggest-cities/phoenix-az,2026-09-14,733671491,175458000,1 : 380,derived: police_budget_usd / police_pct (police_pct published rounded to whole percent),derived: (police_budget_usd / police_per_capita_usd) / residents-per-employee from published ratio
Portland,ME,2020,17757540,197306000,city funds,0.09,267,221,https://www.vera.org/publications/what-policing-costs-in-americas-biggest-cities/portland-me,2026-09-14,17757540,0,1 : 301,derived: police_budget_usd / police_pct (police_pct published rounded to whole percent),derived: (police_budget_usd / police_per_capita_usd) / residents-per-employee from published ratio
Portland,OR,2020,238190326,768355890,city funds,0.31,352,1351,https://www.vera.org/publications/what-policing-costs-in-americas-biggest-cities/portland-or,2026-09-14,238190326,0,1 : 501,derived: police_budget_usd / police_pct (police_pct published rounded to whole percent),derived: (police_budget_usd / police_per_capita_usd) / residents-per-employee from published ratio
Providence,RI,2020,85644030,778582091,city funds,0.11,478,638,https://www.vera.org/publications/what-policing-costs-in-americas-biggest-cities/providence-ri,2026-09-14,56150999,29493031,1 : 281,derived: police_budget_usd / police_pct (police_pct published rounded to whole percent),derived: (police_budget_usd / police_per_capita_usd) / residents-per-employee from published ratio
Raleigh,NC,2020,109694902,522356676,city funds,0.21,233,902,https://www.vera.org/publications/what-policing-costs-in-americas-biggest-cities/raleigh-nc,2026-09-14,109694902,0,1 : 522,derived: police_budget_usd / police_pct (police_pct published rounded to whole percent),derived: (police_budget_usd / police_per_capita_usd) / residents-per-employee from published ratio
Sacramento,CA,2020,184342524,709009708,city funds,0.26,295,1316,https://www.vera.org/publications/what-policing-costs-in-americas-biggest-cities/sacramento-ca,2026-09-14,184342524,0,1 : 475,derived: police_budget_usd / police_pct (police_pct published rounded to whole percent),derived: (police_budget_usd / police_per_capita_usd) / residents-per-employee from published ratio
Salt Lake City,UT,2020,82235729,328942916,city funds,0.25,410,711,https://www.vera.org/publications/what-policing-costs-in-americas-biggest-cities/salt-lake-city-ut,2026-09-14,82235729,0,1 : 282,derived: police_budget_usd / police_pct (police_pct published rounded to whole percent),derived: (police_budget_usd / police_per_capita_usd) / residents-per-employee from published ratio
San Antonio,TX,2020,479091284,1294841308,city funds,0.37,313,3086,https://www.vera.org/publications/what-policing-costs-in-americas-biggest-cities/san-antonio-tx,2026-09-14,479091284,0,1 : 496,derived: police_budget_usd / police_pct (police_pct published rounded to whole percent),derived: (police_budget_usd / police_per_capita_usd) / residents-per-employee from published ratio
San Diego,CA,2020,542087473,1594374921,city funds,0.34,378,2671,https://www.vera.org/publications/what-policing-costs-in-americas-biggest-cities/san-diego-ca,2026-09-14,542087473,0,1 : 537,derived: police_budget_usd / police_pct (police_pct published rounded to whole percent),derived: (police_budget_usd / police_per_capita_usd) / residents-per-employee from published ratio
San Francisco,CA,2020,706182301,7846470011,city funds,0.09,604,4252,https://www.vera.org/publications/what-policing-costs-in-americas-biggest-cities/san-francisco-ca,2026-09-14,694782292,11400009,1 : 275,derived: police_budget_usd / police_pct (police_pct published rounded to whole percent),derived: (police_budget_usd / police_per_capita_usd) / residents-per-employee from published ratio
San Jose,CA,2020,473208901,1577363003,city funds,0.30,434,1790,https://www.vera.org/publications/what-policing-costs-in-americas-biggest-cities/san-jose-ca,2026-09-14,464466750,8742151,1 : 609,derived: police_budget_usd / police_pct (police_pct published rounded to whole percent),derived: (police_budget_usd / police_per_capita_usd) / residents-per-employee from published ratio
Seattle,WA,2020,440240547,3668671225,city funds,0.12,546,2371,https://www.vera.org/publications/what-policing-costs-in-americas-biggest-cities/seattle-wa,2026-09-14,409111750,31128797,1 : 340,derived: police_budget_usd / police_pct (police_pct published rounded to whole percent),derived: (police_budget_usd / police_per_capita_usd) / residents-per-employee from published ratio
Sioux Falls,SD,2020,41028140,178383217,city funds,0.23,221,318,https://www.vera.org/publications/what-policing-costs-in-americas-biggest-cities/sioux-falls-sd,2026-09-14,31069826,9958314,1 : 584,derived: police_budget_usd / police_pct (police_pct published rounded to whole percent),derived: (police_budget_usd / police_per_capita_usd) / residents-per-employee from published ratio
St. Louis,MO,2020,154870227,573593433,city funds,0.27,454,2018,https://www.vera.org/publications/what-policing-costs-in-americas-biggest-cities/st-louis-mo,2026-09-14,122720607,32149620,1 : 169,derived: police_budget_usd / police_pct (police_pct published rounded to whole percent),derived: (police_budget_usd / police_per_capita_usd) / residents-per-employee from published ratio
Tampa,FL,2020,176982462,431664541,city funds,0.41,450,1245,https://www.vera.org/publications/what-policing-costs-in-americas-biggest-cities/tampa-fl,2026-09-14,176982462,0,1 : 316,derived: police_budget_usd / police_pct (police_pct published rounded to whole percent),derived: (police_budget_usd / police_per_capita_usd) / residents-per-employee from published ratio
Tucson,AZ,2020,193274430,690265821,city funds,0.28,301,1352,https://www.vera.org/publications/what-policing-costs-in-americas-biggest-cities/tucson-az,2026-09-14,193274430,0,1 : 475,derived: police_budget_usd / police_pct (police_pct published rounded to whole percent),derived: (police_budget_usd / police_per_capita_usd) / residents-per-employee from published ratio
Tulsa,OK,2020,121682000,347662857,city funds,0.35,255,1344,https://www.vera.org/publications/what-policing-costs-in-americas-biggest-cities/tulsa-ok,2026-09-14,121682000,0,1 : 355,derived: police_budget_usd / police_pct (police_pct published rounded to whole percent),derived: (police_budget_usd / police_per_capita_usd) / residents-per-employee from published ratio
Virginia Beach,VA,2020,102960533,1144005922,city funds,0.09,229,1058,https://www.vera.org/publications/what-policing-costs-in-americas-biggest-cities/virginia-beach-va,2026-09-14,102960533,0,1 : 425,derived: police_budget_usd / police_pct (police_pct published rounded to whole percent),derived: (police_budget_usd / police_per_capita_usd) / residents-per-employee from published ratio
Washington,DC,2020,655379632,13107592640,city funds,0.05,744,5992,https://www.vera.org/publications/what-policing-costs-in-americas-biggest-cities/washington-dc,2026-09-14,559528000,95851632,1 : 147,derived: police_budget_usd / police_pct (police_pct published rounded to whole percent),derived: (police_budget_usd / police_per_capita_usd) / residents-per-employee from published ratio
Wichita,KS,2020,89245584,254987383,city funds,0.35,229,844,https://www.vera.org/publications/what-policing-costs-in-americas-biggest-cities/wichita-ks,2026-09-14,89245584,0,1 : 462,derived: police_budget_usd / police_pct (police_pct published rounded to whole percent),derived: (police_budget_usd / police_per_capita_usd) / residents-per-employee from published ratio
Wilmington,DE,2020,59770276,175794929,city funds,0.34,825,390,https://www.vera.org/publications/what-policing-costs-in-americas-biggest-cities/wilmington-de,2026-09-14,59770276,0,1 : 186,derived: police_budget_usd / police_pct (police_pct published rounded to whole percent),derived: (police_budget_usd / police_per_capita_usd) / residents-per-employee from published ratio
